isbn,014028009X,014029628X,034538475X,043935806X,044021145X,044022165X,044023722X,044651652X,059035342X,067976402X,068484267X,068484477X,080410526X,1400031354,1400034779,140067477,140298479,142001740,1558744150,156027321,312195516,312278586,312924585,312966970,312976275,312980140,312983271,312983867,316096199,316601950,316666343,316769487,316776963,345313860,345337662,345339681,345342968,345350499,345361792,345370775,345378490,375706771,375726403,375727345,380002930,380018179,380718340,380789035,380813815,385335482,385484518,385492081,385504209,385722206,399501487,439064864,439064872,439136350,439136369,439139597,440206154,440211727,440213525,440214041,440220602,440221471,440224675,440224764,440225701,440226430,440234743,440498058,440998050,446310786,446605239,446606812,446610038,446672211,449212602,451156609,451167317,451172817,451176464,451184963,452282152,553250426,553268880,553279912,553280341,553280368,553572997,590353403,60392452,60928336,60934417,60938455,60976845,609804138,60987103,61009059,64407667,671001795,671003755,671027360,671041789,679781587,743418174,786868716,804106304,805063897,842329129,971880107
014028009X,1.000000,0.197642,0.000000,1.000000,-0.554416,0.000000,-0.512989,-1.000000,0.500000,0.000000,0.000000,1.000000,0.000000,0.866025,0.000000,1.000000,0.991241,0.000000,0.000000,0.000000,-0.755929,0.239046,-1.000000,-1.000000,0.000000,-0.471405,0.000000,-0.500000,0.970725,1.000000,-0.433555,0.000000,0.500000,0.000000,-1.000000,0.000000,0.000000,0.000000,0.000000,0.301511,0.000000,-0.737043,0.000000,-0.277350,0.000000,0.000000,0.000000,0.000000,0.000000,1.000000,0.500000,0.000000,0.062622,0.866025,0.000000,0.749269,0.866025,1.000000,1.000000,0.866025,0.000000,-1.000000,-1.000000,0.000000,-1.000000,0.000000,0.737043,0.000000,0.000000,0.944911,0.000000,0.000000,0.000000,1.000000,0.000000,0.000000,0.594089,0.000000,-1.000000,0.000000,0.000000,-1.000000,0.000000,0.000000,0.327327,0.000000,0.000000,-1.000000,0.000000,0.000000,0.000000,1.000000,1.000000,0.816497,0.000000,0.000000,0.327327,0.000000,0.731450,1.000000,0.500000,0.000000,0.000000,1.000000,-1.000000,0.000000,0.000000,1.000000,0.000000,0.000000,0.000000,-1.000000
014029628X,0.197642,1.000000,0.000000,0.000000,0.000000,0.000000,0.000000,0.000000,0.000000,0.000000,0.000000,1.000000,0.000000,1.000000,0.000000,0.000000,0.000000,1.000000,0.000000,0.000000,-0.597614,0.000000,0.000000,1.000000,0.000000,0.000000,0.000000,0.000000,-1.000000,0.000000,1.000000,0.000000,0.000000,0.000000,0.000000,0.000000,0.000000,0.000000,0.000000,-0.500000,0.000000,1.000000,1.000000,-0.720577,0.000000,0.000000,0.000000,0.000000,0.000000,0.000000,1.000000,0.000000,-0.500000,0.500000,0.000000,0.000000,0.866025,0.000000,0.000000,1.000000,0.000000,0.000000,1.000000,0.000000,0.000000,-0.866025,0.000000,0.000000,0.000000,0.917663,0.000000,0.000000,0.000000,0.000000,1.000000,0.000000,-1.000000,0.000000,-1.000000,0.000000,0.000000,0.000000,0.000000,0.000000,0.500000,1.000000,-1.000000,0.000000,0.000000,0.000000,0.000000,0.500000,0.000000,0.534522,0.000000,0.000000,0.000000,-1.000000,0.500000,1.000000,0.987829,0.000000,0.000000,0.000000,0.000000,0.000000,0.000000,0.000000,1.000000,0.000000,0.000000,1.000000
034538475X,0.000000,0.000000,1.000000,0.000000,0.096946,0.000000,0.000000,0.000000,1.000000,0.802955,0.000000,0.000000,1.000000,0.000000,0.000000,0.866025,0.000000,0.000000,0.000000,0.000000,0.000000,0.000000,0.000000,0.000000,0.000000,0.000000,0.000000,1.000000,1.000000,0.000000,0.000000,1.000000,0.000000,0.836660,0.498409,0.000000,0.000000,0.000000,0.000000,-1.000000,0.000000,1.000000,0.000000,1.000000,1.000000,0.000000,0.000000,0.000000,0.000000,0.000000,0.000000,0.000000,-1.000000,0.000000,0.000000,0.000000,0.000000,0.916949,0.000000,0.866025,0.000000,0.981981,1.000000,0.981981,0.000000,-1.000000,0.000000,0.000000,0.000000,-1.000000,0.000000,0.000000,0.000000,0.000000,0.000000,0.000000,0.000000,0.000000,0.000000,0.000000,0.688247,0.000000,0.000000,1.000000,0.000000,-1.000000,-0.240192,0.000000,0.000000,-1.000000,1.000000,1.000000,0.000000,0.000000,0.000000,0.000000,0.000000,0.000000,0.000000,-1.000000,1.000000,-1.000000,0.000000,-1.000000,0.000000,0.000000,0.000000,0.000000,0.000000,0.000000,0.000000,0.000000
043935806X,1.000000,0.000000,0.000000,1.000000,-0.500000,0.000000,1.000000,0.000000,0.402200,1.000000,0.000000,-1.000000,0.000000,0.000000,0.000000,0.000000,0.000000,0.000000,0.000000,0.000000,0.000000,0.866025,0.000000,0.000000,0.000000,0.000000,1.000000,0.000000,0.000000,0.000000,0.395285,-1.000000,0.928571,0.000000,0.944911,0.000000,1.000000,0.000000,0.000000,0.188982,0.000000,0.000000,0.000000,0.000000,1.000000,0.000000,0.000000,0.000000,0.000000,0.000000,0.000000,0.000000,0.754337,0.000000,0.500000,0.408248,0.588235,0.904534,0.560112,1.000000,0.000000,-0.246183,0.207514,0.722806,0.000000,0.000000,0.000000,1.000000,0.000000,-0.970725,0.000000,-0.500000,1.000000,0.188982,0.000000,0.000000,0.000000,0.000000,0.000000,0.000000,1.000000,0.000000,0.000000,0.000000,1.000000,0.000000,0.000000,-0.188982,1.000000,0.000000,0.987829,0.943242,0.000000,1.000000,0.000000,0.000000,0.000000,-0.188982,0.866025,1.000000,0.866025,0.000000,0.000000,0.000000,1.000000,0.000000,0.000000,0.000000,0.000000,0.000000,0.000000,0.000000
044021145X,-0.554416,0.000000,0.096946,-0.500000,1.000000,0.603849,0.402546,1.000000,-0.111154,-0.435916,1.000000,0.945651,0.740613,1.000000,-1.000000,-1.000000,1.000000,0.000000,-0.802955,0.000000,0.000000,0.952217,0.754525,0.826567,1.000000,0.000000,-1.000000,0.999260,-0.628619,1.000000,0.921348,0.000000,-0.609994,-0.042120,0.524094,0.747392,0.654654,0.000000,-1.000000,0.100000,-0.422093,0.401850,0.000000,-0.515152,1.000000,0.726085,-1.000000,0.000000,1.000000,-0.841698,0.000000,-1.000000,-0.045829,-1.000000,0.000000,0.000000,0.500000,0.000000,-0.132068,0.000000,0.755929,0.880620,0.766965,0.901422,0.908174,-0.074953,0.672350,0.838250,-0.672350,0.474372,-0.440225,0.654654,0.000000,1.000000,1.000000,0.000000,-0.093659,-0.288675,0.000000,0.000000,0.866342,-0.156556,-0.866025,-0.127453,0.000000,0.500000,-1.000000,0.944911,-0.994850,-0.505076,0.944911,0.000000,0.000000,-1.000000,-0.500000,0.000000,0.000000,-0.333333,0.000000,0.866025,1.000000,-0.866025,0.964763,0.000000,0.965380,0.513209,-0.347370,-1.000000,0.000000,0.000000,-0.500000,-0.240192
044022165X,0.000000,0.000000,0.000000,0.000000,0.603849,1.000000,0.000000,-1.000000,-0.500000,-1.000000,0.000000,0.000000,0.000000,0.000000,0.000000,0.000000,0.000000,0.000000,-1.000000,0.000000,0.000000,0.000000,-1.000000,1.000000,0.000000,0.000000,0.000000,0.000000,-1.000000,0.000000,-1.000000,-0.500000,0.000000,0.000000,0.500000,0.000000,0.000000,0.000000,0.000000,-1.000000,-1.000000,0.000000,0.000000,0.000000,0.000000,0.000000,0.866025,0.000000,0.000000,0.000000,0.000000,0.000000,0.446719,0.000000,0.000000,0.000000,0.000000,0.000000,0.000000,0.000000,0.000000,0.868510,1.000000,0.911263,0.696631,0.745815,0.000000,0.755929,-1.000000,0.609994,1.000000,0.000000,0.000000,0.000000,0.000000,0.000000,-0.240192,0.755929,0.000000,0.000000,0.894427,1.000000,0.000000,0.000000,0.000000,1.000000,0.000000,-1.000000,-1.000000,1.000000,0.000000,0.000000,0.000000,0.000000,0.000000,0.000000,0.000000,0.000000,0.000000,0.000000,0.000000,1.000000,1.000000,0.000000,1.000000,1.000000,1.000000,0.866025,0.000000,0.000000,0.000000,0.000000
044023722X,-0.512989,0.000000,0.000000,1.000000,0.402546,0.000000,1.000000,1.000000,0.000000,0.000000,0.000000,0.277350,0.000000,0.000000,0.000000,0.000000,-1.000000,0.000000,0.000000,0.000000,1.000000,0.000000,0.000000,1.000000,0.000000,0.000000,0.000000,1.000000,0.000000,0.000000,0.658145,0.000000,0.000000,0.000000,0.000000,0.000000,0.000000,0.000000,0.000000,0.866025,0.000000,0.000000,0.000000,0.000000,0.000000,-1.000000,0.000000,0.000000,0.000000,0.000000,0.000000,0.000000,-0.327327,0.000000,0.000000,0.000000,0.500000,0.000000,0.000000,1.000000,0.000000,0.866025,0.507093,0.174078,0.601593,1.000000,1.000000,0.000000,1.000000,0.000000,-1.000000,-1.000000,0.000000,0.000000,-0.981981,0.000000,-1.000000,0.500000,0.000000,0.000000,0.000000,1.000000,0.000000,0.000000,0.000000,0.000000,0.000000,1.000000,0.000000,0.000000,0.000000,0.000000,0.000000,-0.188982,0.000000,0.000000,0.000000,-0.500000,0.000000,0.000000,0.246183,0.000000,0.000000,0.000000,-0.142857,0.000000,0.000000,0.000000,0.000000,0.000000,-1.000000,-1.000000
044651652X,-1.000000,0.000000,0.000000,0.000000,1.000000,-1.000000,1.000000,1.000000,0.000000,0.000000,0.000000,1.000000,0.000000,0.000000,0.000000,0.000000,0.000000,0.000000,-1.000000,0.000000,0.000000,0.000000,0.000000,0.000000,0.000000,0.000000,0.000000,0.000000,0.000000,0.000000,0.866025,0.000000,0.000000,0.000000,0.000000,0.000000,0.000000,0.000000,0.000000,1.000000,-1.000000,0.000000,-1.000000,0.000000,1.000000,0.000000,0.000000,0.000000,0.000000,0.000000,0.000000,0.000000,1.000000,0.000000,0.000000,0.000000,0.000000,0.000000,0.000000,0.000000,0.000000,1.000000,0.000000,0.240192,1.000000,1.000000,0.397360,0.000000,0.000000,1.000000,0.000000,0.000000,0.000000,0.000000,1.000000,0.000000,-1.000000,-1.000000,0.000000,0.000000,0.000000,0.000000,0.000000,-1.000000,0.000000,0.000000,-1.000000,0.000000,0.000000,0.000000,0.000000,0.000000,0.000000,0.000000,0.000000,0.000000,0.000000,0.000000,0.000000,1.000000,1.000000,-1.000000,0.000000,0.000000,0.993399,0.000000,0.000000,-1.000000,0.000000,0.000000,0.000000,0.000000
059035342X,0.500000,0.000000,1.000000,0.402200,-0.111154,-0.500000,0.000000,0.000000,1.000000,0.000000,0.000000,0.000000,-0.277350,0.000000,0.000000,0.000000,0.000000,0.000000,0.000000,0.000000,0.000000,0.000000,0.000000,0.000000,1.000000,-1.000000,0.000000,-1.000000,1.000000,0.000000,-1.000000,0.000000,0.000000,0.000000,0.000000,1.000000,1.000000,0.000000,0.000000,-1.000000,0.000000,1.000000,0.000000,0.000000,0.000000,-1.000000,0.000000,0.000000,0.000000,0.000000,0.000000,0.000000,-0.375000,0.000000,0.000000,1.000000,0.560449,0.500000,0.000000,0.174078,0.000000,1.000000,-0.114708,0.000000,0.142134,0.000000,0.000000,0.000000,-0.500000,0.188982,0.114708,0.000000,0.000000,0.000000,0.000000,0.000000,0.000000,0.000000,0.000000,0.000000,0.981981,0.000000,0.000000,0.000000,0.000000,0.000000,0.000000,0.000000,0.000000,0.000000,0.000000,0.000000,0.000000,0.000000,0.000000,0.000000,0.000000,0.000000,0.802955,0.000000,0.000000,0.000000,0.000000,0.000000,-0.420084,1.000000,0.000000,0.000000,0.000000,0.000000,0.000000,0.000000
067976402X,0.000000,0.000000,0.802955,1.000000,-0.435916,-1.000000,0.000000,0.000000,0.000000,1.000000,0.000000,0.000000,-0.803116,0.000000,0.000000,-1.000000,0.000000,0.000000,0.944911,1.000000,0.894427,-1.000000,0.000000,0.000000,0.000000,0.000000,0.000000,-1.000000,1.000000,0.000000,-0.333333,0.000000,-0.057639,0.891042,0.055972,0.000000,0.000000,0.000000,0.866025,-1.000000,1.000000,0.000000,0.000000,0.570544,0.000000,-1.000000,0.000000,1.000000,-0.471405,0.000000,0.000000,-1.000000,0.654654,0.000000,0.000000,1.000000,0.000000,1.000000,0.866025,-0.301511,0.866025,0.282466,0.000000,-0.327327,0.576557,0.000000,0.188982,0.970725,1.000000,-1.000000,0.000000,-0.500000,0.000000,0.000000,0.000000,0.000000,1.000000,0.000000,1.000000,0.000000,0.000000,0.000000,0.000000,0.986241,0.000000,1.000000,1.000000,0.000000,0.000000,0.000000,0.000000,0.000000,0.000000,1.000000,0.755929,0.000000,-1.000000,-0.377964,-1.000000,0.327327,0.000000,1.000000,0.000000,0.000000,-0.327327,1.000000,1.000000,0.000000,0.000000,0.000000,0.000000,0.000000
068484267X,0.000000,0.000000,0.000000,0.000000,1.000000,0.000000,0.000000,0.000000,0.000000,0.000000,1.000000,0.000000,0.000000,0.000000,0.000000,0.000000,0.000000,0.000000,0.000000,0.000000,0.000000,0.000000,1.000000,0.000000,0.000000,0.000000,0.000000,0.000000,0.000000,0.000000,0.000000,1.000000,0.000000,0.000000,0.000000,0.000000,0.000000,0.000000,0.000000,0.000000,0.000000,0.000000,0.000000,0.000000,0.000000,0.000000,0.000000,0.000000,0.000000,0.000000,0.000000,0.000000,0.000000,0.000000,0.000000,0.000000,0.000000,0.000000,0.000000,0.000000,0.000000,1.000000,0.000000,0.000000,0.000000,0.000000,0.000000,0.000000,0.000000,0.000000,0.000000,0.000000,0.000000,0.000000,0.000000,0.000000,0.000000,0.000000,0.000000,0.000000,0.000000,0.000000,0.000000,0.000000,0.000000,0.000000,0.000000,0.000000,0.000000,0.000000,0.000000,0.000000,0.000000,0.000000,0.000000,0.000000,0.000000,0.000000,0.000000,0.000000,0.000000,0.000000,0.000000,0.000000,0.000000,0.000000,0.000000,0.000000,0.000000,0.000000,0.000000,0.000000
068484477X,1.000000,1.000000,0.000000,-1.000000,0.945651,0.000000,0.277350,1.000000,0.000000,0.000000,0.000000,1.000000,1.000000,0.981981,1.000000,0.000000,0.000000,0.000000,-0.790101,0.000000,0.000000,1.000000,0.000000,0.866025,0.000000,-1.000000,0.000000,0.802955,0.000000,0.000000,0.773740,0.500000,0.000000,0.000000,1.000000,0.000000,0.981981,0.000000,0.000000,0.000000,-1.000000,1.000000,-1.000000,0.000000,1.000000,1.000000,-1.000000,0.000000,0.000000,0.000000,1.000000,0.000000,1.000000,1.000000,0.000000,-0.188982,0.000000,0.000000,-1.000000,0.944911,0.000000,0.000000,0.705650,1.000000,0.000000,0.000000,-1.000000,0.000000,0.000000,0.980154,0.000000,0.240192,-1.000000,0.000000,0.188982,0.000000,-0.760886,-0.500000,-1.000000,0.000000,0.000000,0.000000,0.000000,-1.000000,0.000000,1.000000,-1.000000,0.000000,0.000000,0.000000,0.000000,0.000000,0.000000,-1.000000,1.000000,0.000000,1.000000,-1.000000,0.000000,0.464758,0.952579,-0.568038,0.000000,0.000000,1.000000,0.000000,-0.500000,0.500000,0.755929,0.000000,-0.200000,-0.277350
080410526X,0.000000,0.000000,1.000000,0.000000,0.740613,0.000000,0.000000,0.000000,-0.277350,-0.803116,0.000000,1.000000,1.000000,-1.000000,0.000000,1.000000,-1.000000,0.000000,-0.188982,0.000000,0.000000,0.000000,0.000000,-1.000000,0.000000,1.000000,0.000000,1.000000,0.000000,0.000000,0.277350,0.000000,0.381246,-0.349957,0.670820,0.000000,0.000000,0.000000,0.000000,0.500000,-1.000000,0.000000,0.000000,0.000000,1.000000,0.000000,0.000000,0.000000,1.000000,1.000000,0.000000,0.000000,-1.000000,0.000000,0.000000,0.058026,1.000000,0.000000,-1.000000,1.000000,0.000000,0.894427,0.000000,0.000000,0.000000,0.000000,0.000000,0.000000,0.000000,1.000000,0.000000,0.188982,-1.000000,0.000000,0.000000,0.000000,0.000000,0.000000,-0.500000,0.000000,0.000000,0.000000,0.000000,0.000000,0.000000,0.000000,0.000000,0.000000,0.000000,0.000000,1.000000,1.000000,0.000000,0.000000,0.000000,0.000000,0.000000,0.000000,0.000000,0.000000,1.000000,0.000000,0.000000,0.000000,1.000000,-1.000000,0.000000,0.000000,0.000000,0.000000,-1.000000,0.000000
1400031354,0.866025,1.000000,0.000000,0.000000,1.000000,0.000000,0.000000,0.000000,0.000000,0.000000,0.000000,0.981981,-1.000000,1.000000,0.896421,0.000000,1.000000,0.000000,0.000000,0.000000,1.000000,1.000000,0.000000,1.000000,0.000000,0.000000,0.000000,0.981981,-1.000000,-1.000000,0.457496,0.000000,0.000000,0.000000,1.000000,0.000000,0.000000,0.000000,0.534522,0.500000,-1.000000,1.000000,0.866025,0.000000,-1.000000,0.000000,0.000000,0.000000,0.000000,-1.000000,0.866025,1.000000,-0.577350,0.500000,0.000000,0.000000,0.000000,0.000000,0.000000,0.866025,0.000000,0.000000,0.000000,0.000000,0.000000,0.000000,0.000000,0.000000,0.000000,0.646997,0.000000,1.000000,0.000000,1.000000,0.000000,0.000000,-0.500000,0.000000,-0.866025,0.000000,0.000000,0.000000,0.000000,0.000000,0.000000,0.000000,-1.000000,0.000000,0.000000,0.000000,1.000000,0.000000,0.000000,0.000000,0.188982,0.000000,1.000000,-0.420084,1.000000,0.000000,1.000000,-1.000000,1.000000,0.866025,0.000000,1.000000,0.000000,0.693375,0.000000,0.000000,0.000000,-1.000000
1400034779,0.000000,0.000000,0.000000,0.000000,-1.000000,0.000000,0.000000,0.000000,0.000000,0.000000,0.000000,1.000000,0.000000,0.896421,1.000000,0.000000,0.000000,0.000000,0.000000,0.000000,0.000000,0.000000,0.000000,0.000000,0.000000,1.000000,0.000000,-1.000000,0.000000,0.000000,-1.000000,0.000000,0.000000,0.000000,0.000000,-1.000000,0.000000,0.000000,0.866025,0.577350,0.000000,0.000000,0.000000,1.000000,0.000000,0.000000,0.000000,0.000000,0.000000,0.000000,0.000000,0.000000,0.000000,0.000000,0.000000,1.000000,0.000000,0.000000,0.000000,0.000000,0.000000,-0.500000,0.000000,0.000000,0.000000,0.000000,0.000000,0.000000,0.000000,0.000000,0.000000,0.000000,0.000000,1.000000,0.000000,0.000000,0.000000,0.000000,0.000000,0.000000,0.000000,0.000000,0.000000,0.000000,0.000000,0.000000,0.000000,0.000000,0.000000,1.000000,0.000000,0.000000,0.866025,0.000000,0.000000,-1.000000,0.000000,0.000000,1.000000,0.000000,0.000000,0.000000,0.000000,0.500000,0.000000,0.000000,0.000000,1.000000,0.000000,0.000000,0.000000,0.000000
140067477,1.000000,0.000000,0.866025,0.000000,-1.000000,0.000000,0.000000,0.000000,0.000000,-1.000000,0.000000,0.000000,1.000000,0.000000,0.000000,1.000000,1.000000,0.000000,0.000000,0.000000,0.000000,0.970725,0.000000,-1.000000,0.000000,0.000000,0.000000,-1.000000,0.000000,0.000000,0.000000,1.000000,1.000000,1.000000,0.946256,0.000000,0.000000,0.000000,0.000000,0.000000,0.000000,0.000000,0.000000,-1.000000,0.000000,0.000000,0.000000,0.000000,1.000000,0.000000,0.000000,0.000000,0.866025,0.000000,0.000000,0.000000,1.000000,0.000000,1.000000,1.000000,0.000000,1.000000,0.000000,0.000000,0.000000,0.000000,-1.000000,0.000000,0.000000,-1.000000,0.000000,1.000000,0.000000,0.000000,0.000000,0.000000,0.000000,0.000000,0.000000,0.000000,0.000000,1.000000,0.000000,0.000000,0.327327,0.000000,-1.000000,0.000000,0.000000,0.000000,1.000000,0.870388,0.000000,0.000000,0.000000,0.000000,0.000000,0.000000,1.000000,-1.000000,0.000000,0.000000,0.000000,0.000000,0.000000,0.000000,0.000000,0.000000,0.000000,0.000000,0.000000,0.000000
140298479,0.991241,0.000000,0.000000,0.000000,1.000000,0.000000,-1.000000,0.000000,0.000000,0.000000,0.000000,0.000000,-1.000000,1.000000,0.000000,1.000000,1.000000,0.000000,0.000000,0.000000,0.000000,1.000000,0.000000,1.000000,0.000000,0.000000,0.000000,0.000000,0.000000,0.000000,0.000000,0.000000,1.000000,0.000000,0.000000,0.000000,0.000000,0.000000,0.000000,0.000000,0.000000,0.000000,0.000000,0.000000,-1.000000,1.000000,0.000000,0.000000,0.000000,-1.000000,0.000000,0.000000,1.000000,0.000000,0.000000,0.000000,1.000000,0.000000,1.000000,0.000000,0.000000,0.000000,0.000000,0.000000,0.000000,0.000000,0.000000,0.000000,0.000000,0.000000,0.000000,0.000000,0.000000,0.000000,0.000000,0.000000,0.000000,0.000000,0.000000,0.000000,0.000000,0.000000,0.000000,0.000000,0.000000,0.000000,0.000000,0.000000,0.000000,0.000000,0.000000,0.000000,0.000000,0.000000,0.000000,0.000000,0.000000,0.000000,0.000000,0.000000,0.000000,0.000000,0.000000,0.000000,0.000000,0.000000,0.000000,0.000000,0.000000,0.000000,0.000000,-1.000000
142001740,0.000000,1.000000,0.000000,0.000000,0.000000,0.000000,0.000000,0.000000,0.000000,0.000000,0.000000,0.000000,0.000000,0.000000,0.000000,0.000000,0.000000,1.000000,0.000000,0.000000,-1.000000,0.000000,0.000000,0.000000,0.000000,0.000000,0.000000,0.000000,0.000000,1.000000,0.755929,0.000000,0.000000,0.000000,0.000000,0.000000,0.000000,0.000000,0.000000,-1.000000,0.000000,0.000000,0.000000,0.000000,0.000000,0.000000,0.000000,0.000000,0.000000,0.000000,0.000000,0.000000,1.000000,0.000000,0.000000,0.000000,0.000000,0.000000,0.000000,0.000000,0.000000,0.000000,0.000000,0.000000,0.000000,0.000000,0.000000,0.000000,0.000000,1.000000,0.000000,0.000000,0.000000,-1.000000,0.000000,0.000000,0.000000,0.000000,0.000000,0.000000,0.000000,0.000000,0.000000,0.000000,0.000000,0.000000,0.000000,0.000000,0.000000,0.000000,0.000000,0.000000,0.000000,1.000000,-1.000000,0.000000,0.000000,-1.000000,-1.000000,0.000000,0.000000,0.000000,0.000000,-1.000000,0.000000,-1.000000,-1.000000,0.000000,0.000000,0.000000,0.000000,0.000000
1558744150,0.000000,0.000000,0.000000,0.000000,-0.802955,-1.000000,0.000000,-1.000000,0.000000,0.944911,0.000000,-0.790101,-0.188982,0.000000,0.000000,0.000000,0.000000,0.000000,1.000000,0.000000,0.944911,0.000000,0.000000,-0.866025,0.000000,0.000000,0.000000,-1.000000,1.000000,0.000000,-0.858395,0.500000,1.000000,0.000000,0.000000,0.000000,1.000000,0.000000,0.000000,0.000000,1.000000,0.000000,1.000000,1.000000,-1.000000,-1.000000,1.000000,0.000000,0.000000,0.000000,1.000000,-1.000000,-1.000000,0.000000,0.000000,0.000000,-1.000000,0.000000,-1.000000,-1.000000,0.000000,-0.239046,0.000000,-1.000000,0.000000,0.000000,1.000000,0.000000,1.000000,-0.953821,0.000000,-1.000000,0.000000,0.000000,-1.000000,0.000000,0.083624,-0.114708,1.000000,0.000000,0.000000,0.000000,0.000000,1.000000,0.000000,0.000000,1.000000,0.000000,1.000000,1.000000,-0.371154,0.000000,0.000000,0.000000,0.000000,0.000000,0.000000,0.000000,0.000000,-0.802955,-0.960769,0.248069,-1.000000,0.000000,-0.397360,0.000000,-1.000000,1.000000,0.000000,0.000000,0.500000,0.000000
156027321,0.000000,0.000000,0.000000,0.000000,0.000000,0.000000,0.000000,0.000000,0.000000,1.000000,0.000000,0.000000,0.000000,0.000000,0.000000,0.000000,0.000000,0.000000,0.000000,1.000000,1.000000,0.000000,0.000000,0.000000,0.000000,0.000000,0.000000,0.000000,0.000000,0.000000,0.000000,0.000000,0.000000,0.000000,0.000000,0.000000,0.000000,0.000000,-1.000000,0.000000,0.000000,0.000000,1.000000,0.000000,0.000000,0.000000,0.000000,0.000000,1.000000,0.000000,0.000000,0.000000,0.000000,0.000000,0.000000,0.000000,0.000000,0.000000,0.000000,0.000000,1.000000,0.000000,0.000000,0.000000,0.000000,0.000000,0.000000,0.000000,0.000000,0.000000,0.000000,0.000000,0.000000,0.000000,0.000000,0.000000,0.000000,0.000000,1.000000,0.000000,0.000000,0.000000,-1.000000,0.000000,0.000000,0.000000,0.000000,0.000000,0.000000,0.000000,0.000000,0.000000,0.000000,1.000000,0.000000,0.000000,0.000000,0.000000,0.000000,0.000000,0.000000,0.000000,0.000000,0.000000,0.000000,0.960769,0.000000,0.000000,0.000000,0.000000,0.000000,0.000000
312195516,-0.755929,-0.597614,0.000000,0.000000,0.000000,0.000000,1.000000,0.000000,0.000000,0.894427,0.000000,0.000000,0.000000,1.000000,0.000000,0.000000,0.000000,-1.000000,0.944911,1.000000,1.000000,0.240192,0.000000,0.000000,0.000000,0.000000,0.000000,0.866025,-1.000000,0.239046,-0.057104,0.648886,1.000000,1.000000,-1.000000,0.000000,0.000000,0.000000,0.381385,-0.693375,0.000000,1.000000,-0.197693,-1.000000,1.000000,1.000000,0.000000,0.000000,0.000000,0.000000,0.000000,-0.500000,0.500000,0.000000,0.000000,0.000000,-1.000000,0.000000,0.000000,0.000000,1.000000,0.000000,0.000000,-1.000000,0.000000,0.000000,0.000000,0.000000,0.000000,0.970725,0.000000,-1.000000,-1.000000,0.000000,-0.065422,0.000000,0.577350,-0.917663,-0.250000,0.000000,0.000000,0.000000,0.000000,0.000000,-1.000000,0.258199,-0.032125,0.000000,0.000000,0.000000,-1.000000,0.000000,0.000000,-0.230633,0.000000,0.000000,-0.324443,-0.944911,0.774597,-0.534522,-1.000000,0.000000,0.000000,0.000000,0.000000,0.174078,0.000000,0.500000,1.000000,0.114708,-1.000000,-0.993399
312278586,0.239046,0.000000,0.000000,0.866025,0.952217,0.000000,0.000000,0.000000,0.000000,-1.000000,0.000000,1.000000,0.000000,1.000000,0.000000,0.970725,1.000000,0.000000,0.000000,0.000000,0.240192,1.000000,0.000000,0.000000,0.000000,0.000000,0.000000,1.000000,0.000000,1.000000,0.894427,0.000000,1.000000,0.000000,0.240192,0.000000,0.000000,0.000000,0.188982,-0.190693,1.000000,1.000000,1.000000,1.000000,0.000000,0.654654,-1.000000,0.000000,0.000000,0.000000,0.000000,0.000000,0.240192,0.000000,0.000000,-1.000000,0.970725,0.000000,1.000000,0.000000,0.000000,0.000000,0.000000,0.000000,0.000000,0.000000,0.000000,0.000000,0.000000,0.500000,0.000000,1.000000,0.000000,1.000000,0.000000,0.000000,-0.785714,0.000000,0.000000,0.000000,0.000000,1.000000,0.000000,0.000000,1.000000,0.000000,-1.000000,0.000000,0.000000,0.000000,1.000000,-1.000000,0.000000,0.000000,0.000000,0.000000,0.000000,0.000000,1.000000,0.188982,1.000000,-1.000000,0.755929,0.000000,0.000000,0.000000,-1.000000,0.000000,0.000000,0.000000,0.000000,-1.000000
312924585,-1.000000,0.000000,0.000000,0.000000,0.754525,-1.000000,0.000000,0.000000,0.000000,0.000000,1.000000,0.000000,0.000000,0.000000,0.000000,0.000000,0.000000,0.000000,0.000000,0.000000,0.000000,0.000000,1.000000,0.866025,1.000000,0.000000,0.000000,0.000000,0.000000,0.000000,0.500000,0.000000,0.000000,0.866025,0.925820,0.000000,0.000000,0.000000,0.000000,0.288675,0.000000,1.000000,0.000000,0.000000,0.000000,0.000000,0.000000,0.000000,0.000000,0.000000,0.000000,0.000000,0.000000,0.000000,0.755929,0.000000,0.000000,1.000000,0.000000,1.000000,0.000000,-0.288675,-0.188982,0.816497,1.000000,0.174078,0.000000,0.000000,0.000000,0.000000,-0.500000,0.000000,0.000000,0.850390,1.000000,0.000000,0.433555,0.000000,0.000000,0.000000,-0.191741,0.000000,0.000000,0.000000,0.000000,0.000000,0.000000,1.000000,1.000000,1.000000,0.000000,0.000000,0.000000,0.000000,0.000000,0.000000,0.000000,0.000000,0.000000,0.000000,0.000000,0.000000,0.000000,0.000000,0.000000,0.000000,0.000000,0.000000,0.000000,0.000000,0.000000,0.000000
312966970,-1.000000,1.000000,0.000000,0.000000,0.826567,1.000000,1.000000,0.000000,0.000000,0.000000,0.000000,0.866025,-1.000000,1.000000,0.000000,-1.000000,1.000000,0.000000,-0.866025,0.000000,0.000000,0.000000,0.866025,1.000000,0.698430,0.866025,1.000000,0.774597,-0.866025,0.000000,0.917663,0.000000,0.000000,0.000000,0.560612,0.000000,0.000000,0.000000,0.000000,0.500000,0.000000,1.000000,0.500000,0.000000,0.618590,0.693375,-1.000000,0.000000,1.000000,-0.522233,1.000000,0.000000,0.000000,0.000000,0.000000,-1.000000,1.000000,0.000000,0.000000,1.000000,0.000000,0.000000,1.000000,0.943880,0.981981,0.000000,-1.000000,0.000000,-0.500000,1.000000,-0.258199,0.000000,0.000000,0.000000,0.000000,0.000000,-0.428571,0.000000,0.000000,-1.000000,1.000000,0.800000,0.000000,0.000000,0.000000,0.000000,-1.000000,0.883883,-0.210042,0.169031,1.000000,0.755929,-1.000000,0.000000,0.000000,0.000000,0.000000,-0.993399,0.866025,0.866025,1.000000,0.488901,1.000000,-0.500000,1.000000,0.000000,-0.866025,-1.000000,0.000000,0.000000,0.327327,-1.000000
312976275,0.000000,0.000000,0.000000,0.000000,1.000000,0.000000,0.000000,0.000000,1.000000,0.000000,0.000000,0.000000,0.000000,0.000000,0.000000,0.000000,0.000000,0.000000,0.000000,0.000000,0.000000,0.000000,1.000000,0.698430,1.000000,0.896421,1.000000,0.898413,0.000000,0.000000,0.000000,0.000000,0.000000,0.000000,0.866025,1.000000,0.000000,0.000000,0.000000,0.000000,0.000000,0.000000,0.000000,0.000000,0.000000,0.981981,0.000000,0.000000,0.000000,0.000000,0.000000,0.000000,0.000000,0.000000,0.000000,-0.866025,0.000000,-0.866025,0.000000,0.000000,0.000000,0.000000,0.755929,-1.000000,0.866025,0.000000,0.000000,0.000000,0.327327,0.000000,0.500000,0.000000,0.000000,-0.500000,0.000000,0.000000,-0.235702,0.000000,0.000000,0.000000,0.000000,0.866025,0.000000,0.000000,0.000000,0.000000,0.000000,0.963087,0.577350,1.000000,1.000000,0.000000,0.000000,0.000000,0.000000,0.000000,0.000000,0.000000,0.000000,1.000000,0.000000,0.975900,0.000000,0.000000,0.000000,0.000000,0.000000,0.000000,0.000000,0.000000,0.000000,0.000000
312980140,-0.471405,0.000000,0.000000,0.000000,0.000000,0.000000,0.000000,0.000000,-1.000000,0.000000,0.000000,-1.000000,1.000000,0.000000,1.000000,0.000000,0.000000,0.000000,0.000000,0.000000,0.000000,0.000000,0.000000,0.866025,0.896421,1.000000,0.000000,0.917663,0.000000,0.000000,0.000000,0.000000,0.000000,0.000000,1.000000,0.000000,0.000000,0.000000,0.000000,1.000000,0.000000,1.000000,0.000000,0.000000,0.000000,0.000000,-1.000000,0.000000,0.000000,0.000000,0.000000,0.000000,0.000000,0.000000,0.000000,0.000000,0.000000,0.000000,0.000000,-1.000000,0.000000,1.000000,0.000000,0.000000,0.000000,0.000000,0.000000,0.000000,0.000000,0.000000,0.000000,0.000000,0.000000,0.000000,0.000000,-1.000000,-0.939336,0.000000,0.000000,0.000000,1.000000,0.000000,0.000000,0.000000,0.000000,0.000000,0.000000,1.000000,0.000000,0.000000,0.000000,0.000000,0.000000,0.000000,0.000000,0.000000,0.000000,0.000000,-1.000000,0.000000,0.000000,0.958706,0.000000,0.000000,0.000000,-0.070535,0.000000,0.000000,0.000000,0.000000,1.000000,0.000000
312983271,0.000000,0.000000,0.000000,1.000000,-1.000000,0.000000,0.000000,0.000000,0.000000,0.000000,0.000000,0.000000,0.000000,0.000000,0.000000,0.000000,0.000000,0.000000,0.000000,0.000000,0.000000,0.000000,0.000000,1.000000,1.000000,0.000000,1.000000,0.000000,0.000000,-1.000000,0.000000,0.000000,0.000000,0.000000,0.000000,0.000000,0.000000,0.000000,0.000000,0.000000,0.000000,0.000000,0.000000,0.000000,0.000000,0.000000,0.000000,0.000000,0.000000,0.000000,0.000000,0.000000,0.000000,0.000000,0.000000,0.000000,0.000000,0.000000,-1.000000,0.000000,0.000000,-0.188982,1.000000,-1.000000,-1.000000,0.000000,0.000000,0.000000,0.000000,-1.000000,0.000000,0.000000,0.000000,0.000000,0.000000,0.000000,0.000000,0.000000,0.000000,0.000000,0.000000,0.000000,0.000000,0.000000,0.000000,0.000000,0.000000,0.000000,0.000000,1.000000,0.000000,0.000000,0.000000,0.000000,0.000000,0.000000,0.000000,0.000000,0.000000,-1.000000,0.000000,0.866025,0.000000,0.000000,0.000000,0.000000,0.000000,0.000000,0.000000,0.000000,0.000000,0.000000
312983867,-0.500000,0.000000,1.000000,0.000000,0.999260,0.000000,1.000000,0.000000,-1.000000,-1.000000,0.000000,0.802955,1.000000,0.981981,-1.000000,-1.000000,0.000000,0.000000,-1.000000,0.000000,0.866025,1.000000,0.000000,0.774597,0.898413,0.917663,0.000000,1.000000,-1.000000,0.000000,0.944911,0.000000,0.000000,0.000000,0.632456,1.000000,0.000000,0.000000,0.000000,0.324443,-1.000000,0.912871,0.000000,-1.000000,0.000000,0.693375,0.000000,0.000000,1.000000,0.000000,0.000000,0.000000,-1.000000,0.000000,0.000000,-0.987829,0.000000,0.000000,0.000000,0.777714,0.000000,1.000000,1.000000,1.000000,0.000000,-1.000000,0.000000,0.000000,-1.000000,0.327327,-0.500000,0.000000,0.000000,0.000000,0.000000,0.000000,-0.981981,0.000000,0.000000,-1.000000,0.000000,0.728869,0.000000,0.000000,0.000000,0.000000,-1.000000,1.000000,-1.000000,-1.000000,0.000000,0.000000,0.000000,0.000000,0.000000,-1.000000,0.000000,-1.000000,-0.866025,-1.000000,1.000000,-0.015401,1.000000,0.000000,1.000000,-0.971061,0.000000,0.000000,0.000000,-1.000000,1.000000,-1.000000
316096199,0.970725,-1.000000,1.000000,0.000000,-0.628619,-1.000000,0.000000,0.000000,1.000000,1.000000,0.000000,0.000000,0.000000,-1.000000,0.000000,0.000000,0.000000,0.000000,1.000000,0.000000,-1.000000,0.000000,0.000000,-0.866025,0.000000,0.000000,0.000000,-1.000000,1.000000,0.000000,-0.572078,0.000000,0.500000,0.000000,0.000000,0.000000,0.000000,0.000000,0.000000,0.000000,1.000000,0.572856,0.000000,1.000000,0.000000,0.000000,0.000000,0.000000,0.000000,1.000000,0.654654,0.000000,-0.777714,1.000000,0.000000,0.000000,0.000000,0.000000,0.000000,0.000000,0.000000,1.000000,0.000000,0.000000,0.000000,0.000000,1.000000,0.000000,0.000000,1.000000,0.000000,0.000000,0.000000,0.000000,0.000000,0.000000,0.829156,1.000000,1.000000,0.000000,0.000000,0.000000,0.000000,0.000000,0.000000,0.000000,0.000000,0.000000,0.000000,0.000000,0.000000,-1.000000,0.000000,0.000000,0.000000,0.000000,0.000000,0.544107,0.690066,0.000000,-1.000000,1.000000,-0.917663,0.693375,-1.000000,-1.000000,0.000000,1.000000,0.000000,0.000000,0.000000,0.000000
316601950,1.000000,0.000000,0.000000,0.000000,1.000000,0.000000,0.000000,0.000000,0.000000,0.000000,0.000000,0.000000,0.000000,-1.000000,0.000000,0.000000,0.000000,1.000000,0.000000,0.000000,0.239046,1.000000,0.000000,0.000000,0.000000,0.000000,-1.000000,0.000000,0.000000,1.000000,-0.866025,0.000000,0.000000,0.000000,0.000000,0.000000,0.000000,0.000000,0.866025,0.000000,0.000000,0.000000,0.000000,0.000000,0.000000,0.000000,0.000000,0.000000,0.000000,0.000000,0.000000,1.000000,0.000000,0.000000,0.000000,0.000000,0.000000,0.000000,0.000000,0.000000,0.000000,0.000000,0.000000,1.000000,1.000000,0.000000,0.000000,1.000000,0.000000,-1.000000,0.000000,0.000000,0.000000,0.000000,0.000000,0.000000,-0.866025,-0.500000,1.000000,0.000000,0.000000,0.000000,0.000000,0.000000,0.000000,0.000000,0.000000,-1.000000,1.000000,-1.000000,0.000000,0.000000,0.000000,0.000000,0.000000,0.000000,0.000000,0.426401,0.000000,-1.000000,0.000000,0.000000,0.000000,0.522233,0.000000,0.000000,0.000000,0.000000,0.000000,0.000000,0.000000,0.000000
316666343,-0.433555,1.000000,0.000000,0.395285,0.921348,-1.000000,0.658145,0.866025,-1.000000,-0.333333,0.000000,0.773740,0.277350,0.457496,-1.000000,0.000000,0.000000,0.755929,-0.858395,0.000000,-0.057104,0.894427,0.500000,0.917663,0.000000,0.000000,0.000000,0.944911,-0.572078,-0.866025,1.000000,-0.944911,-0.970725,0.000000,0.000000,0.000000,0.000000,0.000000,-0.401478,0.237023,-0.917663,1.000000,-0.143146,-0.277350,0.618590,0.000000,0.000000,1.000000,0.817057,-0.755929,-0.755929,-0.980196,0.434959,0.000000,1.000000,-1.000000,0.500000,0.000000,0.000000,0.000000,0.577350,0.755929,0.500000,0.408248,0.000000,1.000000,-0.114708,0.000000,0.000000,0.327327,0.000000,0.000000,0.000000,0.000000,0.419860,0.000000,-0.438354,-0.043033,-0.333333,0.000000,-0.654654,1.000000,-1.000000,-1.000000,0.000000,-1.000000,-0.901127,0.000000,-0.368964,-0.500000,-0.114708,1.000000,0.000000,0.973329,0.500000,0.000000,0.500000,-0.648204,0.000000,0.654654,1.000000,-0.989743,0.660472,0.361158,0.802955,0.345857,-0.166924,-1.000000,0.000000,0.000000,-0.295312,-0.347330
316769487,0.000000,0.000000,1.000000,-1.000000,0.000000,-0.500000,0.000000,0.000000,0.000000,0.000000,1.000000,0.500000,0.000000,0.000000,0.000000,1.000000,0.000000,0.000000,0.500000,0.000000,0.648886,0.000000,0.000000,0.000000,0.000000,0.000000,0.000000,0.000000,0.000000,0.000000,-0.944911,1.000000,0.000000,1.000000,1.000000,0.000000,-1.000000,0.000000,0.000000,0.000000,-1.000000,0.000000,1.000000,0.000000,-1.000000,0.000000,0.000000,0.000000,0.000000,0.000000,0.000000,0.000000,0.000000,0.000000,0.000000,1.000000,0.000000,1.000000,0.000000,0.000000,0.000000,-1.000000,-1.000000,0.000000,0.000000,1.000000,0.000000,0.000000,0.000000,0.000000,0.000000,0.000000,0.000000,-0.500000,1.000000,0.000000,0.000000,-1.000000,0.000000,0.000000,0.000000,0.000000,-1.000000,0.000000,-1.000000,-1.000000,-1.000000,0.000000,0.000000,0.000000,0.000000,1.000000,0.000000,-0.327327,0.000000,0.000000,-1.000000,0.000000,0.188982,0.000000,0.600099,0.000000,0.000000,0.000000,0.000000,0.000000,0.000000,0.000000,0.000000,0.000000,-1.000000,0.000000
316776963,0.500000,0.000000,0.000000,0.928571,-0.609994,0.000000,0.000000,0.000000,0.000000,-0.057639,0.000000,0.000000,0.381246,0.000000,0.000000,1.000000,1.000000,0.000000,1.000000,0.000000,1.000000,1.000000,0.000000,0.000000,0.000000,0.000000,0.000000,0.000000,0.500000,0.000000,-0.970725,0.000000,1.000000,1.000000,0.301511,0.000000,0.000000,0.000000,0.000000,-1.000000,0.000000,0.000000,0.000000,0.000000,-1.000000,1.000000,1.000000,0.000000,-1.000000,0.000000,0.000000,0.000000,0.226779,0.000000,0.000000,-1.000000,0.654654,0.000000,0.981981,0.000000,1.000000,1.000000,0.000000,-0.866025,0.000000,0.000000,0.000000,0.000000,0.000000,0.000000,0.000000,0.000000,0.000000,0.000000,0.000000,0.000000,0.500000,0.917663,1.000000,0.000000,0.000000,0.000000,0.000000,0.000000,1.000000,1.000000,0.000000,0.000000,0.000000,0.000000,0.000000,-1.000000,0.000000,0.000000,0.000000,0.000000,0.000000,0.000000,1.000000,0.000000,1.000000,1.000000,0.000000,-1.000000,-1.000000,-1.000000,0.000000,-1.000000,0.000000,0.000000,0.000000,-1.000000
345313860,0.000000,0.000000,0.836660,0.000000,-0.042120,0.000000,0.000000,0.000000,0.000000,0.891042,0.000000,0.000000,-0.349957,0.000000,0.000000,1.000000,0.000000,0.000000,0.000000,0.000000,1.000000,0.000000,0.866025,0.000000,0.000000,0.000000,0.000000,0.000000,0.000000,0.000000,0.000000,1.000000,1.000000,1.000000,0.626718,0.000000,0.000000,0.000000,0.000000,-0.500000,0.000000,0.000000,0.000000,1.000000,0.802955,0.000000,0.000000,0.000000,-1.000000,0.000000,0.000000,0.000000,1.000000,0.000000,0.000000,0.000000,-1.000000,1.000000,1.000000,1.000000,0.000000,0.185771,1.000000,0.084515,0.755929,-0.693375,0.000000,0.000000,0.000000,0.000000,0.000000,0.000000,0.000000,0.000000,-1.000000,0.000000,0.000000,0.000000,0.000000,0.000000,0.841191,0.000000,-1.000000,1.000000,-1.000000,-1.000000,0.000000,0.000000,0.000000,0.000000,0.500000,1.000000,1.000000,0.000000,-0.500000,0.000000,0.000000,-0.577350,0.000000,-0.944911,1.000000,0.000000,0.000000,0.000000,-0.090784,1.000000,0.000000,0.000000,0.000000,0.000000,0.000000,0.000000
345337662,-1.000000,0.000000,0.498409,0.944911,0.524094,0.500000,0.000000,0.000000,0.000000,0.055972,0.000000,1.000000,0.670820,1.000000,0.000000,0.946256,0.000000,0.000000,0.000000,0.000000,-1.000000,0.240192,0.925820,0.560612,0.866025,1.000000,0.000000,0.632456,0.000000,0.000000,0.000000,1.000000,0.301511,0.626718,1.000000,1.000000,0.000000,0.000000,-0.693375,0.577350,-1.000000,1.000000,0.000000,1.000000,0.000000,0.929670,0.000000,0.000000,1.000000,0.000000,0.000000,0.000000,0.211289,0.000000,0.000000,0.322252,1.000000,0.909718,-1.000000,0.962250,-1.000000,0.389906,1.000000,0.445657,0.948683,-0.478091,-0.277350,0.610368,-1.000000,-1.000000,0.000000,0.000000,0.000000,0.944911,-1.000000,0.000000,1.000000,0.000000,0.000000,0.000000,0.596040,1.000000,-1.000000,0.720577,-1.000000,0.000000,0.077331,0.000000,0.000000,0.000000,1.000000,0.748190,0.000000,-1.000000,0.000000,0.000000,0.000000,0.000000,-0.327327,-1.000000,0.895144,-0.142857,0.000000,1.000000,0.778924,0.322329,-1.000000,0.000000,0.000000,0.000000,0.000000,0.866025
345339681,0.000000,0.000000,0.000000,0.000000,0.747392,0.000000,0.000000,0.000000,1.000000,0.000000,0.000000,0.000000,0.000000,0.000000,-1.000000,0.000000,0.000000,0.000000,0.000000,0.000000,0.000000,0.000000,0.000000,0.000000,1.000000,0.000000,0.000000,1.000000,0.000000,0.000000,0.000000,0.000000,0.000000,0.000000,1.000000,1.000000,0.000000,0.000000,0.000000,0.000000,0.000000,0.000000,0.000000,1.000000,0.000000,0.000000,0.000000,0.000000,0.000000,0.000000,0.000000,0.000000,1.000000,0.000000,0.000000,0.000000,1.000000,0.981981,0.000000,0.000000,0.000000,1.000000,0.000000,0.000000,1.000000,0.000000,0.000000,0.000000,0.000000,0.000000,0.000000,0.000000,0.000000,0.000000,0.000000,0.000000,0.000000,0.000000,0.000000,0.000000,0.000000,0.000000,0.000000,0.000000,0.000000,0.000000,0.000000,0.000000,0.000000,0.000000,0.000000,0.000000,0.000000,0.000000,0.000000,0.000000,0.000000,-1.000000,0.000000,0.000000,0.000000,0.000000,0.000000,0.000000,0.000000,0.917663,0.000000,0.000000,0.000000,0.000000,-1.000000,0.000000
345342968,0.000000,0.000000,0.000000,1.000000,0.654654,0.000000,0.000000,0.000000,1.000000,0.000000,0.000000,0.981981,0.000000,0.000000,0.000000,0.000000,0.000000,0.000000,1.000000,0.000000,0.000000,0.000000,0.000000,0.000000,0.000000,0.000000,0.000000,0.000000,0.000000,0.000000,0.000000,-1.000000,0.000000,0.000000,0.000000,0.000000,1.000000,0.000000,0.000000,0.000000,0.000000,0.000000,0.000000,0.000000,1.000000,0.000000,0.000000,0.000000,0.000000,0.000000,0.000000,0.000000,0.000000,0.000000,0.000000,0.000000,1.000000,0.000000,0.000000,0.000000,0.000000,0.000000,0.289474,0.000000,0.000000,0.000000,0.000000,0.000000,0.000000,0.000000,0.000000,0.000000,0.000000,1.000000,0.000000,0.000000,-1.000000,0.000000,0.000000,0.000000,0.000000,0.000000,0.000000,0.000000,0.000000,0.866025,1.000000,0.000000,0.000000,0.000000,0.000000,0.000000,0.000000,0.000000,0.000000,0.000000,0.000000,0.000000,0.000000,1.000000,0.000000,1.000000,0.000000,0.000000,1.000000,0.000000,-1.000000,0.000000,0.000000,0.000000,0.000000,0.000000
345350499,0.000000,0.000000,0.000000,0.000000,0.000000,0.000000,0.000000,0.000000,0.000000,0.000000,0.000000,0.000000,0.000000,0.000000,0.000000,0.000000,0.000000,0.000000,0.000000,0.000000,0.000000,0.000000,0.000000,0.000000,0.000000,0.000000,0.000000,0.000000,0.000000,0.000000,0.000000,0.000000,0.000000,0.000000,0.000000,0.000000,0.000000,1.000000,0.000000,0.000000,0.000000,0.000000,0.000000,0.000000,1.000000,0.000000,0.000000,0.000000,0.000000,0.000000,0.000000,0.000000,0.000000,0.000000,0.000000,0.000000,0.000000,1.000000,0.000000,0.000000,0.000000,0.000000,0.000000,0.000000,0.000000,0.000000,0.000000,0.000000,0.000000,0.000000,0.000000,0.000000,0.000000,0.000000,0.000000,0.000000,0.000000,0.000000,0.000000,0.000000,0.000000,0.000000,0.000000,0.000000,0.000000,0.000000,0.000000,0.000000,0.000000,0.000000,0.000000,0.000000,0.000000,0.000000,0.000000,0.000000,0.000000,0.000000,0.000000,0.000000,0.000000,0.000000,0.000000,0.000000,0.000000,0.000000,0.000000,0.000000,0.000000,0.000000,0.000000,0.000000
345361792,0.000000,0.000000,0.000000,0.000000,-1.000000,0.000000,0.000000,0.000000,0.000000,0.866025,0.000000,0.000000,0.000000,0.534522,0.866025,0.000000,0.000000,0.000000,0.000000,-1.000000,0.381385,0.188982,0.000000,0.000000,0.000000,0.000000,0.000000,0.000000,0.000000,0.866025,-0.401478,0.000000,0.000000,0.000000,-0.693375,0.000000,0.000000,0.000000,1.000000,0.000000,1.000000,0.000000,-0.500000,0.866025,0.500000,-1.000000,0.000000,1.000000,-0.654654,0.000000,0.000000,1.000000,0.693375,0.852803,0.000000,0.942809,0.000000,0.000000,0.000000,0.000000,0.000000,-1.000000,-1.000000,-1.000000,0.000000,0.188982,0.000000,0.000000,0.000000,0.000000,1.000000,0.000000,0.000000,0.870388,0.000000,0.000000,0.000000,1.000000,-0.333333,0.000000,0.000000,1.000000,0.000000,0.000000,0.000000,0.000000,0.000000,0.000000,0.000000,0.000000,0.000000,0.000000,0.000000,-1.000000,0.500000,0.000000,-0.090909,0.000000,0.944911,0.000000,0.000000,0.866025,-0.240192,0.577350,0.000000,1.000000,0.000000,0.948683,0.000000,0.000000,1.000000,0.000000
345370775,0.301511,-0.500000,-1.000000,0.188982,0.100000,-1.000000,0.866025,1.000000,-1.000000,-1.000000,0.000000,0.000000,0.500000,0.500000,0.577350,0.000000,0.000000,-1.000000,0.000000,0.000000,-0.693375,-0.190693,0.288675,0.500000,0.000000,1.000000,0.000000,0.324443,0.000000,0.000000,0.237023,0.000000,-1.000000,-0.500000,0.577350,0.000000,0.000000,0.000000,0.000000,1.000000,0.321634,0.000000,0.235702,-0.866025,-1.000000,-1.000000,0.000000,0.000000,0.000000,1.000000,-1.000000,0.000000,0.891902,1.000000,1.000000,0.654654,-0.333333,1.000000,0.000000,1.000000,1.000000,0.426401,0.000000,0.943880,1.000000,0.316228,0.870388,-1.000000,-1.000000,-0.243975,0.000000,0.500000,0.500000,1.000000,1.000000,0.000000,-0.500000,1.000000,0.500000,1.000000,1.000000,0.000000,0.000000,0.000000,0.000000,0.000000,0.848930,-1.000000,1.000000,1.000000,0.000000,0.755929,0.870388,0.000000,1.000000,-1.000000,0.000000,0.471405,-0.981981,0.866025,-0.866025,1.000000,0.500000,0.500000,0.866025,0.000000,0.000000,0.000000,0.000000,0.000000,0.000000,0.000000
345378490,0.000000,0.000000,0.000000,0.000000,-0.422093,-1.000000,0.000000,-1.000000,0.000000,1.000000,0.000000,-1.000000,-1.000000,-1.000000,0.000000,0.000000,0.000000,0.000000,1.000000,0.000000,0.000000,1.000000,0.000000,0.000000,0.000000,0.000000,0.000000,-1.000000,1.000000,0.000000,-0.917663,-1.000000,0.000000,0.000000,-1.000000,0.000000,0.000000,0.000000,1.000000,0.321634,1.000000,-1.000000,1.000000,0.866025,-0.866025,0.000000,0.000000,0.000000,0.000000,0.000000,-1.000000,-1.000000,0.090909,0.000000,0.000000,1.000000,0.000000,0.000000,0.000000,0.000000,0.000000,1.000000,-0.318073,1.000000,0.866025,0.000000,0.502519,0.000000,-0.654654,0.200000,0.000000,0.000000,1.000000,0.000000,-1.000000,0.000000,1.000000,1.000000,1.000000,0.000000,0.000000,0.774597,0.000000,0.774597,0.000000,-1.000000,0.944911,0.000000,0.000000,0.000000,-0.981981,0.000000,0.000000,0.000000,0.000000,0.000000,0.000000,1.000000,0.000000,-1.000000,-1.000000,0.981981,-1.000000,0.000000,-1.000000,1.000000,-0.500000,1.000000,0.000000,0.000000,0.000000,0.000000
375706771,-0.737043,1.000000,1.000000,0.000000,0.401850,0.000000,0.000000,0.000000,1.000000,0.000000,0.000000,1.000000,0.000000,1.000000,0.000000,0.000000,0.000000,0.000000,0.000000,0.000000,1.000000,1.000000,1.000000,1.000000,0.000000,1.000000,0.000000,0.912871,0.572856,0.000000,1.000000,0.000000,0.000000,0.000000,1.000000,0.000000,0.000000,0.000000,0.000000,0.000000,-1.000000,1.000000,0.000000,0.226779,0.000000,0.981981,0.000000,0.000000,0.000000,0.000000,0.000000,0.000000,-0.960769,-1.000000,0.000000,0.000000,1.000000,0.000000,0.000000,0.000000,0.000000,0.000000,0.000000,0.000000,0.000000,0.000000,0.000000,0.000000,-1.000000,-0.755929,0.000000,0.000000,0.000000,0.981981,-1.000000,0.000000,0.433555,-1.000000,-1.000000,0.000000,0.000000,0.970725,0.000000,0.000000,0.000000,-1.000000,-1.000000,0.000000,-1.000000,0.000000,0.000000,0.000000,0.000000,-1.000000,0.000000,0.000000,0.000000,-1.000000,0.000000,1.000000,1.000000,0.000000,0.944911,0.000000,-1.000000,-1.000000,-1.000000,0.000000,0.000000,0.000000,0.000000,0.000000
375726403,0.000000,1.000000,0.000000,0.000000,0.000000,0.000000,0.000000,-1.000000,0.000000,0.000000,0.000000,-1.000000,0.000000,0.866025,0.000000,0.000000,0.000000,0.000000,1.000000,1.000000,-0.197693,1.000000,0.000000,0.500000,0.000000,0.000000,0.000000,0.000000,0.000000,0.000000,-0.143146,1.000000,0.000000,0.000000,0.000000,0.000000,0.000000,0.000000,-0.500000,0.235702,1.000000,0.000000,1.000000,0.000000,-1.000000,0.000000,0.000000,0.000000,0.802955,0.000000,0.000000,1.000000,-0.960769,0.000000,1.000000,0.000000,1.000000,0.000000,0.000000,0.000000,0.000000,0.000000,0.000000,0.000000,0.000000,0.000000,0.500000,0.000000,0.000000,-0.781079,0.000000,0.866025,0.500000,0.000000,-1.000000,0.000000,-0.379980,1.000000,0.000000,0.000000,0.000000,0.000000,0.000000,1.000000,0.000000,0.000000,0.377964,0.000000,0.000000,0.000000,1.000000,1.000000,1.000000,0.866025,0.000000,0.000000,-0.500000,0.000000,1.000000,-0.917663,-0.277350,1.000000,1.000000,1.000000,-1.000000,1.000000,-1.000000,-0.240192,0.000000,0.000000,-0.802955,-1.000000
375727345,-0.277350,-0.720577,1.000000,0.000000,-0.515152,0.000000,0.000000,0.000000,0.000000,0.570544,0.000000,0.000000,0.000000,0.000000,1.000000,-1.000000,0.000000,0.000000,1.000000,0.000000,-1.000000,1.000000,0.000000,0.000000,0.000000,0.000000,0.000000,-1.000000,1.000000,0.000000,-0.277350,0.000000,0.000000,1.000000,1.000000,1.000000,0.000000,0.000000,0.866025,-0.866025,0.866025,0.226779,0.000000,1.000000,0.000000,1.000000,0.000000,0.993399,-0.500000,0.000000,0.000000,0.000000,0.923381,0.000000,0.000000,0.000000,-0.188982,0.000000,-1.000000,-0.866025,0.000000,0.000000,-1.000000,0.000000,0.000000,0.000000,1.000000,0.000000,0.000000,0.960769,0.000000,-1.000000,0.000000,-0.654654,-1.000000,0.000000,1.000000,0.000000,0.000000,0.000000,0.000000,0.000000,0.000000,1.000000,0.000000,0.000000,0.000000,0.000000,0.000000,0.000000,-1.000000,0.000000,0.000000,-1.000000,-1.000000,0.000000,0.000000,1.000000,0.277350,0.981981,1.000000,0.000000,-1.000000,0.000000,-1.000000,1.000000,1.000000,1.000000,0.000000,0.000000,0.000000,0.000000
380002930,0.000000,0.000000,1.000000,1.000000,1.000000,0.000000,0.000000,1.000000,0.000000,0.000000,0.000000,1.000000,1.000000,-1.000000,0.000000,0.000000,-1.000000,0.000000,-1.000000,0.000000,1.000000,0.000000,0.000000,0.618590,0.000000,0.000000,0.000000,0.000000,0.000000,0.000000,0.618590,-1.000000,-1.000000,0.802955,0.000000,0.000000,1.000000,1.000000,0.500000,-1.000000,-0.866025,0.000000,-1.000000,0.000000,1.000000,0.000000,-1.000000,0.000000,0.000000,1.000000,1.000000,1.000000,0.866025,0.000000,0.000000,0.000000,1.000000,0.000000,0.000000,0.000000,0.000000,0.000000,0.981981,-1.000000,0.000000,-1.000000,-1.000000,0.000000,0.000000,1.000000,0.000000,0.000000,0.000000,1.000000,-0.618590,0.000000,-1.000000,-0.976221,0.000000,0.000000,0.000000,-1.000000,-1.000000,-0.654654,0.000000,0.870388,-0.216777,1.000000,0.000000,-1.000000,0.462687,1.000000,0.000000,0.000000,1.000000,0.000000,0.000000,0.000000,0.000000,1.000000,1.000000,-1.000000,0.000000,0.000000,1.000000,1.000000,0.866025,0.696932,0.000000,0.000000,0.000000,0.000000
380018179,0.000000,0.000000,0.000000,0.000000,0.726085,0.000000,-1.000000,0.000000,-1.000000,-1.000000,0.000000,1.000000,0.000000,0.000000,0.000000,0.000000,1.000000,0.000000,-1.000000,0.000000,1.000000,0.654654,0.000000,0.693375,0.981981,0.000000,0.000000,0.693375,0.000000,0.000000,0.000000,0.000000,1.000000,0.000000,0.929670,0.000000,0.000000,0.000000,-1.000000,-1.000000,0.000000,0.981981,0.000000,1.000000,0.000000,1.000000,0.000000,0.000000,0.000000,0.000000,0.000000,0.000000,-1.000000,0.000000,0.000000,-1.000000,0.000000,0.000000,0.000000,0.000000,0.000000,0.000000,1.000000,0.000000,1.000000,0.000000,0.000000,0.000000,0.188982,0.000000,-1.000000,0.000000,0.000000,0.976221,-1.000000,0.000000,0.596040,0.000000,0.000000,0.000000,0.000000,0.000000,0.000000,0.000000,0.000000,0.000000,-1.000000,1.000000,0.000000,0.000000,0.000000,-1.000000,0.000000,0.000000,0.000000,0.000000,0.000000,0.000000,-1.000000,0.000000,1.000000,0.000000,0.000000,0.000000,0.000000,0.000000,0.000000,0.000000,0.000000,0.000000,0.000000,0.000000
380718340,0.000000,0.000000,0.000000,0.000000,-1.000000,0.866025,0.000000,0.000000,0.000000,0.000000,0.000000,-1.000000,0.000000,0.000000,0.000000,0.000000,0.000000,0.000000,1.000000,0.000000,0.000000,-1.000000,0.000000,-1.000000,0.000000,-1.000000,0.000000,0.000000,0.000000,0.000000,0.000000,0.000000,1.000000,0.000000,0.000000,0.000000,0.000000,0.000000,0.000000,0.000000,0.000000,0.000000,0.000000,0.000000,-1.000000,0.000000,1.000000,0.000000,0.000000,0.000000,-0.500000,0.000000,0.000000,0.000000,0.000000,0.000000,0.000000,0.000000,0.000000,0.000000,0.000000,0.866025,-1.000000,0.000000,0.500000,0.000000,0.000000,0.000000,1.000000,-1.000000,0.000000,0.000000,0.000000,0.000000,0.000000,0.000000,0.383482,0.755929,0.000000,-1.000000,1.000000,0.000000,0.000000,0.000000,0.000000,0.000000,0.000000,-1.000000,0.397360,1.000000,-1.000000,0.000000,0.000000,0.000000,0.000000,0.000000,0.000000,0.000000,0.000000,-0.866025,0.000000,0.866025,-1.000000,0.000000,0.000000,-1.000000,-0.500000,-0.500000,0.000000,0.000000,0.000000,0.000000
380789035,0.000000,0.000000,0.000000,0.000000,0.000000,0.000000,0.000000,0.000000,0.000000,1.000000,0.000000,0.000000,0.000000,0.000000,0.000000,0.000000,0.000000,0.000000,0.000000,0.000000,0.000000,0.000000,0.000000,0.000000,0.000000,0.000000,0.000000,0.000000,0.000000,0.000000,1.000000,0.000000,0.000000,0.000000,0.000000,0.000000,0.000000,0.000000,1.000000,0.000000,0.000000,0.000000,0.000000,0.993399,0.000000,0.000000,0.000000,1.000000,0.000000,0.000000,0.000000,0.000000,0.000000,0.000000,0.000000,0.000000,0.000000,0.000000,0.000000,0.000000,0.000000,0.000000,0.000000,0.000000,0.000000,0.000000,0.000000,0.000000,0.000000,0.000000,0.000000,0.000000,0.000000,0.000000,0.000000,0.000000,0.000000,0.000000,0.000000,0.000000,0.000000,0.000000,0.000000,0.000000,0.000000,0.000000,0.000000,0.000000,0.000000,0.000000,0.000000,0.000000,0.000000,0.000000,0.000000,0.000000,0.000000,0.000000,0.000000,0.000000,0.000000,0.000000,0.000000,0.000000,0.000000,1.000000,0.000000,0.000000,0.000000,0.000000,0.000000,0.000000
380813815,0.000000,0.000000,0.000000,0.000000,1.000000,0.000000,0.000000,0.000000,0.000000,-0.471405,0.000000,0.000000,1.000000,0.000000,0.000000,1.000000,0.000000,0.000000,0.000000,1.000000,0.000000,0.000000,0.000000,1.000000,0.000000,0.000000,0.000000,1.000000,0.000000,0.000000,0.817057,0.000000,-1.000000,-1.000000,1.000000,0.000000,0.000000,0.000000,-0.654654,0.000000,0.000000,0.000000,0.802955,-0.500000,0.000000,0.000000,0.000000,0.000000,1.000000,0.000000,-1.000000,0.000000,-1.000000,0.000000,0.000000,0.000000,1.000000,0.000000,-1.000000,1.000000,0.000000,0.000000,0.000000,0.000000,0.000000,0.000000,-1.000000,0.000000,0.000000,-1.000000,0.000000,0.993399,-0.114708,0.000000,-1.000000,0.000000,0.000000,0.000000,0.000000,-1.000000,0.000000,1.000000,0.000000,0.000000,0.000000,0.000000,0.000000,0.000000,-1.000000,0.000000,0.000000,0.000000,0.000000,1.000000,0.000000,0.000000,0.000000,0.000000,0.000000,-1.000000,0.000000,0.000000,0.000000,0.000000,0.981981,1.000000,0.000000,0.000000,0.000000,0.000000,-0.277350,-1.000000
385335482,1.000000,0.000000,0.000000,0.000000,-0.841698,0.000000,0.000000,0.000000,0.000000,0.000000,0.000000,0.000000,1.000000,-1.000000,0.000000,0.000000,-1.000000,0.000000,0.000000,0.000000,0.000000,0.000000,0.000000,-0.522233,0.000000,0.000000,0.000000,0.000000,1.000000,0.000000,-0.755929,0.000000,0.000000,0.000000,0.000000,0.000000,0.000000,0.000000,0.000000,1.000000,0.000000,0.000000,0.000000,0.000000,1.000000,0.000000,0.000000,0.000000,0.000000,1.000000,0.000000,0.000000,0.000000,0.000000,0.000000,0.000000,0.000000,0.000000,0.000000,0.000000,0.000000,0.000000,0.000000,1.000000,0.000000,0.000000,1.000000,0.000000,0.000000,0.000000,0.000000,0.000000,0.000000,0.000000,0.000000,0.000000,1.000000,1.000000,0.000000,0.000000,0.000000,0.000000,0.000000,0.000000,0.000000,0.000000,0.000000,1.000000,1.000000,0.944911,0.000000,0.000000,1.000000,0.000000,0.000000,0.000000,0.000000,0.000000,0.000000,0.000000,0.000000,0.000000,0.000000,1.000000,0.000000,0.000000,0.000000,0.000000,0.000000,0.000000,0.000000,0.000000
385484518,0.500000,1.000000,0.000000,0.000000,0.000000,0.000000,0.000000,0.000000,0.000000,0.000000,0.000000,1.000000,0.000000,0.866025,0.000000,0.000000,0.000000,0.000000,1.000000,0.000000,0.000000,0.000000,0.000000,1.000000,0.000000,0.000000,0.000000,0.000000,0.654654,0.000000,-0.755929,0.000000,0.000000,0.000000,0.000000,0.000000,0.000000,0.000000,0.000000,-1.000000,-1.000000,0.000000,0.000000,0.000000,1.000000,0.000000,-0.500000,0.000000,-1.000000,0.000000,1.000000,0.000000,0.000000,0.000000,0.000000,0.000000,1.000000,0.000000,0.000000,1.000000,0.000000,1.000000,0.000000,0.000000,0.000000,1.000000,0.000000,0.000000,1.000000,1.000000,0.000000,0.000000,0.000000,0.000000,0.802955,0.000000,0.212238,1.000000,-1.000000,1.000000,0.000000,0.000000,0.000000,0.000000,0.000000,0.000000,0.000000,0.000000,0.991241,0.000000,0.000000,1.000000,0.000000,0.000000,0.000000,0.000000,0.000000,-1.000000,0.000000,0.000000,-1.000000,0.000000,-1.000000,1.000000,0.000000,-1.000000,1.000000,0.500000,0.000000,0.000000,0.000000,1.000000
385492081,0.000000,0.000000,0.000000,0.000000,-1.000000,0.000000,0.000000,0.000000,0.000000,-1.000000,0.000000,0.000000,0.000000,1.000000,0.000000,0.000000,0.000000,0.000000,-1.000000,0.000000,-0.500000,0.000000,0.000000,0.000000,0.000000,0.000000,0.000000,0.000000,0.000000,1.000000,-0.980196,0.000000,0.000000,0.000000,0.000000,0.000000,0.000000,0.000000,1.000000,0.000000,-1.000000,0.000000,1.000000,0.000000,1.000000,0.000000,0.000000,0.000000,0.000000,0.000000,0.000000,1.000000,-0.114708,-1.000000,0.000000,0.000000,0.000000,0.000000,0.000000,0.000000,0.000000,0.000000,1.000000,0.000000,0.000000,1.000000,1.000000,0.000000,0.000000,-0.944911,0.000000,0.000000,0.000000,0.000000,0.000000,0.000000,-1.000000,-0.075038,0.000000,0.000000,0.000000,0.000000,0.000000,0.500000,0.000000,0.755929,1.000000,0.000000,0.000000,0.000000,0.000000,0.000000,0.000000,0.000000,-1.000000,0.000000,0.114708,0.500000,0.000000,-1.000000,0.000000,1.000000,1.000000,0.000000,0.000000,0.000000,-0.805823,-1.000000,0.000000,0.000000,-1.000000,0.000000
385504209,0.062622,-0.500000,-1.000000,0.754337,-0.045829,0.446719,-0.327327,1.000000,-0.375000,0.654654,0.000000,1.000000,-1.000000,-0.577350,0.000000,0.866025,1.000000,1.000000,-1.000000,0.000000,0.500000,0.240192,0.000000,0.000000,0.000000,0.000000,0.000000,-1.000000,-0.777714,0.000000,0.434959,0.000000,0.226779,1.000000,0.211289,1.000000,0.000000,0.000000,0.693375,0.891902,0.090909,-0.960769,-0.960769,0.923381,0.866025,-1.000000,0.000000,0.000000,-1.000000,0.000000,0.000000,-0.114708,1.000000,0.866025,0.000000,0.000000,0.636364,0.693375,1.000000,1.000000,0.000000,0.000000,0.000000,-0.327327,0.577350,0.974245,-0.277350,0.970725,-1.000000,0.981981,0.980196,0.000000,0.000000,-0.500000,0.507093,0.000000,-1.000000,0.866025,0.000000,1.000000,-0.500000,0.000000,0.000000,-1.000000,1.000000,0.000000,-0.570352,0.000000,0.000000,0.000000,0.000000,0.282843,0.000000,0.960769,-1.000000,1.000000,-1.000000,-0.738549,0.000000,1.000000,-0.090784,-1.000000,-0.466321,0.000000,0.243132,0.693889,-0.361682,0.478091,0.000000,0.000000,-0.500000,-0.223607
385722206,0.866025,0.500000,0.000000,0.000000,-1.000000,0.000000,0.000000,0.000000,0.000000,0.000000,0.000000,1.000000,0.000000,0.500000,0.000000,0.000000,0.000000,0.000000,0.000000,0.000000,0.000000,0.000000,0.000000,0.000000,0.000000,0.000000,0.000000,0.000000,1.000000,0.000000,0.000000,0.000000,0.000000,0.000000,0.000000,0.000000,0.000000,0.000000,0.852803,1.000000,0.000000,-1.000000,0.000000,0.000000,0.000000,0.000000,0.000000,0.000000,0.000000,0.000000,0.000000,-1.000000,0.866025,1.000000,0.000000,0.000000,-1.000000,0.000000,0.000000,1.000000,0.000000,0.000000,0.000000,0.000000,0.000000,1.000000,0.000000,0.000000,0.000000,0.654654,1.000000,0.000000,0.000000,0.000000,0.000000,0.000000,0.000000,0.240192,0.390567,0.000000,0.000000,0.000000,0.000000,0.000000,0.000000,0.000000,1.000000,0.000000,1.000000,0.000000,0.000000,0.000000,0.000000,0.000000,0.000000,0.000000,0.000000,1.000000,0.000000,0.000000,-1.000000,0.000000,-0.866025,0.000000,0.000000,-0.498922,0.720577,0.981981,0.000000,0.000000,0.000000,0.000000
399501487,0.000000,0.000000,0.000000,0.500000,0.000000,0.000000,0.000000,0.000000,0.000000,0.000000,0.000000,0.000000,0.000000,0.000000,0.000000,0.000000,0.000000,0.000000,0.000000,0.000000,0.000000,0.000000,0.755929,0.000000,0.000000,0.000000,0.000000,0.000000,0.000000,0.000000,1.000000,0.000000,0.000000,0.000000,0.000000,0.000000,0.000000,0.000000,0.000000,1.000000,0.000000,0.000000,1.000000,0.000000,0.000000,0.000000,0.000000,0.000000,0.000000,0.000000,0.000000,0.000000,0.000000,0.000000,1.000000,0.000000,0.000000,0.000000,0.000000,0.000000,0.000000,-0.866025,-0.500000,0.000000,0.000000,0.000000,1.000000,0.000000,0.000000,-0.944911,0.000000,1.000000,1.000000,1.000000,0.000000,0.000000,0.000000,0.000000,0.000000,0.000000,0.000000,0.000000,0.000000,0.000000,0.000000,0.000000,0.000000,0.000000,0.000000,0.000000,0.000000,0.000000,1.000000,0.000000,1.000000,0.000000,0.000000,1.000000,0.000000,1.000000,1.000000,0.000000,0.000000,1.000000,0.000000,0.000000,-1.000000,0.000000,0.000000,0.000000,0.000000,0.000000
439064864,0.749269,0.000000,0.000000,0.408248,0.000000,0.000000,0.000000,0.000000,1.000000,1.000000,0.000000,-0.188982,0.058026,0.000000,1.000000,0.000000,0.000000,0.000000,0.000000,0.000000,0.000000,-1.000000,0.000000,-1.000000,-0.866025,0.000000,0.000000,-0.987829,0.000000,0.000000,-1.000000,1.000000,-1.000000,0.000000,0.322252,0.000000,0.000000,0.000000,0.942809,0.654654,1.000000,0.000000,0.000000,0.000000,0.000000,-1.000000,0.000000,0.000000,0.000000,0.000000,0.000000,0.000000,0.000000,0.000000,0.000000,1.000000,0.000000,0.962533,0.000000,0.415227,0.000000,-0.866025,-1.000000,0.000000,0.000000,0.000000,0.000000,0.000000,0.000000,-0.160128,0.000000,0.000000,0.000000,0.628619,0.000000,0.000000,0.000000,0.000000,0.000000,0.000000,0.000000,1.000000,0.000000,0.000000,0.000000,0.000000,0.000000,0.000000,1.000000,0.000000,0.000000,0.612372,0.000000,0.000000,0.000000,0.000000,-1.000000,0.000000,-0.277350,0.000000,-0.640445,0.981981,0.000000,0.000000,0.000000,-1.000000,0.000000,0.000000,0.000000,0.000000,0.000000,0.000000
439064872,0.866025,0.866025,0.000000,0.588235,0.500000,0.000000,0.500000,0.000000,0.560449,0.000000,0.000000,0.000000,1.000000,0.000000,0.000000,1.000000,1.000000,0.000000,-1.000000,0.000000,-1.000000,0.970725,0.000000,1.000000,0.000000,0.000000,0.000000,0.000000,0.000000,0.000000,0.500000,0.000000,0.654654,-1.000000,1.000000,1.000000,1.000000,0.000000,0.000000,-0.333333,0.000000,1.000000,1.000000,-0.188982,1.000000,0.000000,0.000000,0.000000,1.000000,0.000000,1.000000,0.000000,0.636364,-1.000000,0.000000,0.000000,1.000000,1.000000,0.636364,1.000000,0.000000,0.000000,0.727607,0.000000,0.000000,0.000000,0.000000,0.000000,0.000000,0.000000,0.000000,0.000000,0.000000,0.000000,0.000000,0.000000,0.000000,0.000000,0.000000,0.000000,0.000000,0.333333,0.000000,0.000000,0.000000,0.000000,-1.000000,0.000000,0.000000,0.000000,1.000000,1.000000,0.000000,0.000000,0.000000,0.000000,0.000000,-0.866025,0.000000,1.000000,0.933257,0.000000,0.000000,0.000000,0.944911,0.000000,0.000000,0.000000,0.000000,0.000000,-1.000000,-1.000000
439136350,1.000000,0.000000,0.916949,0.904534,0.000000,0.000000,0.000000,0.000000,0.500000,1.000000,0.000000,0.000000,0.000000,0.000000,0.000000,0.000000,0.000000,0.000000,0.000000,0.000000,0.000000,0.000000,1.000000,0.000000,-0.866025,0.000000,0.000000,0.000000,0.000000,0.000000,0.000000,1.000000,0.000000,1.000000,0.909718,0.981981,0.000000,1.000000,0.000000,1.000000,0.000000,0.000000,0.000000,0.000000,0.000000,0.000000,0.000000,0.000000,0.000000,0.000000,0.000000,0.000000,0.693375,0.000000,0.000000,0.962533,1.000000,1.000000,0.000000,0.878310,0.000000,0.972828,0.000000,1.000000,0.000000,0.000000,0.000000,0.000000,0.000000,-1.000000,0.000000,0.000000,0.000000,1.000000,0.000000,0.000000,0.000000,0.000000,0.000000,0.000000,1.000000,0.000000,0.000000,0.000000,0.000000,0.000000,0.000000,1.000000,1.000000,0.000000,0.000000,0.875000,0.000000,0.000000,0.000000,0.000000,0.000000,0.000000,-0.239046,0.000000,1.000000,0.000000,0.000000,0.000000,0.000000,0.807207,0.000000,0.000000,0.000000,0.000000,0.000000,0.000000
439136369,1.000000,0.000000,0.000000,0.560112,-0.132068,0.000000,0.000000,0.000000,0.000000,0.866025,0.000000,-1.000000,-1.000000,0.000000,0.000000,1.000000,1.000000,0.000000,-1.000000,0.000000,0.000000,1.000000,0.000000,0.000000,0.000000,0.000000,-1.000000,0.000000,0.000000,0.000000,0.000000,0.000000,0.981981,1.000000,-1.000000,0.000000,0.000000,0.000000,0.000000,0.000000,0.000000,0.000000,0.000000,-1.000000,0.000000,0.000000,0.000000,0.000000,-1.000000,0.000000,0.000000,0.000000,1.000000,0.000000,0.000000,0.000000,0.636364,0.000000,1.000000,1.000000,0.000000,0.500000,0.397360,0.000000,0.000000,0.000000,0.000000,0.000000,0.000000,-1.000000,0.000000,1.000000,1.000000,0.000000,0.000000,0.000000,0.000000,0.000000,0.000000,0.000000,0.000000,0.000000,0.000000,0.000000,1.000000,0.000000,0.000000,0.000000,0.000000,0.000000,1.000000,0.000000,0.000000,0.000000,0.000000,0.000000,0.000000,0.500000,0.000000,1.000000,-1.000000,0.000000,0.000000,0.000000,0.188982,0.000000,0.000000,0.000000,0.000000,0.000000,0.000000,-1.000000
439139597,0.866025,1.000000,0.866025,1.000000,0.000000,0.000000,1.000000,0.000000,0.174078,-0.301511,0.000000,0.944911,1.000000,0.866025,0.000000,1.000000,0.000000,0.000000,-1.000000,0.000000,0.000000,0.000000,1.000000,1.000000,0.000000,-1.000000,0.000000,0.777714,0.000000,0.000000,0.000000,0.000000,0.000000,1.000000,0.962250,0.000000,0.000000,0.000000,0.000000,1.000000,0.000000,0.000000,0.000000,-0.866025,0.000000,0.000000,0.000000,0.000000,1.000000,0.000000,1.000000,0.000000,1.000000,1.000000,0.000000,0.415227,1.000000,0.878310,1.000000,1.000000,0.000000,0.000000,1.000000,0.000000,0.000000,0.000000,-1.000000,0.000000,0.000000,0.083624,0.000000,0.866025,0.000000,0.000000,0.000000,0.000000,-1.000000,0.000000,-1.000000,0.000000,0.000000,0.000000,0.000000,0.000000,0.000000,0.000000,-1.000000,0.000000,0.000000,0.000000,1.000000,1.000000,0.000000,0.000000,0.000000,0.000000,-1.000000,-1.000000,0.866025,-1.000000,1.000000,-1.000000,0.000000,0.000000,1.000000,1.000000,0.000000,1.000000,0.000000,0.000000,-1.000000,0.000000
440206154,0.000000,0.000000,0.000000,0.000000,0.755929,0.000000,0.000000,0.000000,0.000000,0.866025,0.000000,0.000000,0.000000,0.000000,0.000000,0.000000,0.000000,0.000000,0.000000,1.000000,1.000000,0.000000,0.000000,0.000000,0.000000,0.000000,0.000000,0.000000,0.000000,0.000000,0.577350,0.000000,1.000000,0.000000,-1.000000,0.000000,0.000000,0.000000,0.000000,1.000000,0.000000,0.000000,0.000000,0.000000,0.000000,0.000000,0.000000,0.000000,0.000000,0.000000,0.000000,0.000000,0.000000,0.000000,0.000000,0.000000,0.000000,0.000000,0.000000,0.000000,1.000000,0.755929,0.000000,0.981981,1.000000,0.944911,0.973329,0.000000,0.000000,0.000000,0.000000,0.000000,0.000000,0.000000,0.000000,0.000000,0.000000,0.000000,1.000000,0.000000,0.000000,0.000000,-1.000000,0.000000,0.000000,1.000000,0.000000,0.000000,0.000000,0.000000,0.000000,0.000000,0.000000,1.000000,0.000000,0.000000,0.000000,0.000000,0.000000,0.000000,0.000000,0.000000,0.000000,0.000000,0.000000,1.000000,0.000000,0.000000,0.000000,0.000000,0.000000,0.000000
440211727,-1.000000,0.000000,0.981981,-0.246183,0.880620,0.868510,0.866025,1.000000,1.000000,0.282466,1.000000,0.000000,0.894427,0.000000,-0.500000,1.000000,0.000000,0.000000,-0.239046,0.000000,0.000000,0.000000,-0.288675,0.000000,0.000000,1.000000,-0.188982,1.000000,1.000000,0.000000,0.755929,-1.000000,1.000000,0.185771,0.389906,1.000000,0.000000,0.000000,-1.000000,0.426401,1.000000,0.000000,0.000000,0.000000,0.000000,0.000000,0.866025,0.000000,0.000000,0.000000,1.000000,0.000000,0.000000,0.000000,-0.866025,-0.866025,0.000000,0.972828,0.500000,0.000000,0.755929,1.000000,0.750000,0.862582,0.815436,0.750000,1.000000,0.366508,0.000000,0.500000,0.000000,0.000000,0.000000,-0.628619,0.000000,0.000000,0.500000,1.000000,0.000000,1.000000,0.993399,0.000000,0.000000,0.000000,0.000000,0.000000,0.000000,0.500000,-0.500000,0.000000,0.866025,0.000000,0.000000,0.000000,0.000000,0.000000,0.000000,1.000000,-0.693375,1.000000,-0.840168,0.192450,0.000000,0.000000,-0.333333,1.000000,0.000000,0.000000,0.000000,0.000000,0.000000,0.000000
440213525,-1.000000,1.000000,1.000000,0.207514,0.766965,1.000000,0.507093,0.000000,-0.114708,0.000000,0.000000,0.705650,0.000000,0.000000,0.000000,0.000000,0.000000,0.000000,0.000000,0.000000,0.000000,0.000000,-0.188982,1.000000,0.755929,0.000000,1.000000,1.000000,0.000000,0.000000,0.500000,-1.000000,0.000000,1.000000,1.000000,0.000000,0.289474,0.000000,-1.000000,0.000000,-0.318073,0.000000,0.000000,-1.000000,0.981981,1.000000,-1.000000,0.000000,0.000000,0.000000,0.000000,1.000000,0.000000,0.000000,-0.500000,-1.000000,0.727607,0.000000,0.397360,1.000000,0.000000,0.750000,1.000000,0.748455,0.375000,-0.080064,0.471405,1.000000,0.000000,0.500000,-0.970725,-1.000000,-1.000000,0.000000,-0.755929,0.000000,-0.923093,0.500000,0.000000,0.000000,1.000000,0.240192,1.000000,-0.500000,0.000000,1.000000,0.000000,1.000000,-0.453921,-0.866025,0.953821,0.000000,0.000000,1.000000,0.000000,0.000000,0.000000,-1.000000,0.000000,-0.866025,0.411765,0.296432,0.000000,0.000000,0.685994,0.000000,0.000000,0.000000,0.000000,0.000000,0.000000,-1.000000
440214041,0.000000,0.000000,0.981981,0.722806,0.901422,0.911263,0.174078,0.240192,0.000000,-0.327327,0.000000,1.000000,0.000000,0.000000,0.000000,0.000000,0.000000,0.000000,-1.000000,0.000000,-1.000000,0.000000,0.816497,0.943880,-1.000000,0.000000,-1.000000,1.000000,0.000000,1.000000,0.408248,0.000000,-0.866025,0.084515,0.445657,0.000000,0.000000,0.000000,-1.000000,0.943880,1.000000,0.000000,0.000000,0.000000,-1.000000,0.000000,0.000000,0.000000,0.000000,1.000000,0.000000,0.000000,-0.327327,0.000000,0.000000,0.000000,0.000000,1.000000,0.000000,0.000000,0.981981,0.862582,0.748455,1.000000,0.750727,0.642857,0.993859,0.540062,0.000000,0.755929,1.000000,0.000000,0.000000,-1.000000,0.000000,0.000000,0.000000,0.755929,0.000000,1.000000,0.816497,0.500000,-1.000000,1.000000,0.000000,1.000000,0.000000,0.500000,-0.500000,0.789474,1.000000,0.000000,0.000000,-1.000000,0.000000,0.000000,0.000000,0.000000,0.000000,-0.188982,0.484200,0.718185,0.000000,0.000000,0.828079,1.000000,0.500000,1.000000,0.000000,0.000000,0.000000,0.000000
440220602,-1.000000,0.000000,0.000000,0.000000,0.908174,0.696631,0.601593,1.000000,0.142134,0.576557,0.000000,0.000000,0.000000,0.000000,0.000000,0.000000,0.000000,0.000000,0.000000,0.000000,0.000000,0.000000,1.000000,0.981981,0.866025,0.000000,-1.000000,0.000000,0.000000,1.000000,0.000000,0.000000,0.000000,0.755929,0.948683,1.000000,0.000000,0.000000,0.000000,1.000000,0.866025,0.000000,0.000000,0.000000,0.000000,1.000000,0.500000,0.000000,0.000000,0.000000,0.000000,0.000000,0.577350,0.000000,0.000000,0.000000,0.000000,0.000000,0.000000,0.000000,1.000000,0.815436,0.375000,0.750727,1.000000,0.816497,1.000000,0.720750,-0.852803,1.000000,1.000000,0.000000,0.000000,-1.000000,-1.000000,0.000000,1.000000,0.000000,0.000000,0.000000,0.866025,0.243975,0.000000,0.944911,0.000000,1.000000,0.000000,0.960769,0.755929,0.000000,0.000000,0.000000,0.000000,0.000000,0.000000,0.000000,0.000000,-0.802955,0.000000,1.000000,0.000000,0.000000,0.000000,0.000000,0.816497,0.038462,-0.970725,0.000000,0.000000,0.000000,0.000000,0.000000
440221471,0.000000,-0.866025,-1.000000,0.000000,-0.074953,0.745815,1.000000,1.000000,0.000000,0.000000,0.000000,0.000000,0.000000,0.000000,0.000000,0.000000,0.000000,0.000000,0.000000,0.000000,0.000000,0.000000,0.174078,0.000000,0.000000,0.000000,0.000000,-1.000000,0.000000,0.000000,1.000000,1.000000,0.000000,-0.693375,-0.478091,0.000000,0.000000,0.000000,0.188982,0.316228,0.000000,0.000000,0.000000,0.000000,-1.000000,0.000000,0.000000,0.000000,0.000000,0.000000,1.000000,1.000000,0.974245,1.000000,0.000000,0.000000,0.000000,0.000000,0.000000,0.000000,0.944911,0.750000,-0.080064,0.642857,0.816497,1.000000,0.636364,0.000000,0.866025,0.000000,0.929981,0.000000,0.000000,0.000000,0.000000,0.000000,1.000000,1.000000,0.000000,0.866025,1.000000,0.500000,0.000000,1.000000,0.000000,0.000000,0.000000,0.000000,0.000000,0.000000,-1.000000,0.000000,0.000000,0.000000,0.000000,0.000000,-1.000000,0.000000,-0.944911,0.000000,-0.720577,0.000000,-1.000000,0.000000,0.165395,0.000000,-1.000000,0.500000,0.000000,0.000000,0.000000,0.000000
440224675,0.737043,0.000000,0.000000,0.000000,0.672350,0.000000,1.000000,0.397360,0.000000,0.188982,0.000000,-1.000000,0.000000,0.000000,0.000000,-1.000000,0.000000,0.000000,1.000000,0.000000,0.000000,0.000000,0.000000,-1.000000,0.000000,0.000000,0.000000,0.000000,1.000000,0.000000,-0.114708,0.000000,0.000000,0.000000,-0.277350,0.000000,0.000000,0.000000,0.000000,0.870388,0.502519,0.000000,0.500000,1.000000,-1.000000,0.000000,0.000000,0.000000,-1.000000,1.000000,0.000000,1.000000,-0.277350,0.000000,1.000000,0.000000,0.000000,0.000000,0.000000,-1.000000,0.973329,1.000000,0.471405,0.993859,1.000000,0.636364,1.000000,0.000000,-0.500000,-1.000000,0.000000,-1.000000,0.000000,0.000000,-1.000000,0.000000,0.126660,0.114708,0.000000,0.000000,0.000000,0.000000,0.000000,0.644658,0.000000,1.000000,0.453921,0.000000,0.000000,0.000000,0.000000,0.000000,1.000000,0.000000,0.000000,0.000000,0.000000,-1.000000,0.000000,-0.327327,-0.240192,1.000000,0.000000,0.000000,0.462069,0.000000,-0.792118,1.000000,0.000000,0.000000,0.000000,0.000000
440224764,0.000000,0.000000,0.000000,1.000000,0.838250,0.755929,0.000000,0.000000,0.000000,0.970725,0.000000,0.000000,0.000000,0.000000,0.000000,0.000000,0.000000,0.000000,0.000000,0.000000,0.000000,0.000000,0.000000,0.000000,0.000000,0.000000,0.000000,0.000000,0.000000,1.000000,0.000000,0.000000,0.000000,0.000000,0.610368,0.000000,0.000000,0.000000,0.000000,-1.000000,0.000000,0.000000,0.000000,0.000000,0.000000,0.000000,0.000000,0.000000,0.000000,0.000000,0.000000,0.000000,0.970725,0.000000,0.000000,0.000000,0.000000,0.000000,0.000000,0.000000,0.000000,0.366508,1.000000,0.540062,0.720750,0.000000,0.000000,1.000000,0.866025,0.000000,0.000000,0.000000,0.000000,0.000000,0.000000,0.000000,-1.000000,0.000000,0.000000,0.000000,1.000000,0.000000,0.000000,1.000000,0.000000,0.000000,-1.000000,0.000000,0.000000,-1.000000,0.000000,0.000000,0.000000,0.000000,0.000000,0.000000,0.000000,-1.000000,0.000000,0.000000,0.000000,0.000000,0.000000,0.000000,1.000000,1.000000,0.000000,0.000000,0.000000,0.000000,0.000000,0.000000
440225701,0.000000,0.000000,0.000000,0.000000,-0.672350,-1.000000,1.000000,0.000000,-0.500000,1.000000,0.000000,0.000000,0.000000,0.000000,0.000000,0.000000,0.000000,0.000000,1.000000,0.000000,0.000000,0.000000,0.000000,-0.500000,0.327327,0.000000,0.000000,-1.000000,0.000000,0.000000,0.000000,0.000000,0.000000,0.000000,-1.000000,0.000000,0.000000,0.000000,0.000000,-1.000000,-0.654654,-1.000000,0.000000,0.000000,0.000000,0.188982,1.000000,0.000000,0.000000,0.000000,1.000000,0.000000,-1.000000,0.000000,0.000000,0.000000,0.000000,0.000000,0.000000,0.000000,0.000000,0.000000,0.000000,0.000000,-0.852803,0.866025,-0.500000,0.866025,1.000000,-1.000000,0.000000,0.000000,0.000000,0.000000,-1.000000,0.000000,0.301511,0.000000,0.000000,0.000000,0.000000,0.000000,0.000000,1.000000,0.000000,0.000000,0.817057,1.000000,1.000000,1.000000,-1.000000,0.000000,0.000000,0.000000,0.000000,0.000000,0.000000,0.000000,0.000000,-1.000000,0.000000,1.000000,-1.000000,0.000000,-1.000000,-1.000000,1.000000,0.000000,0.000000,0.000000,0.000000,0.000000
440226430,0.944911,0.917663,-1.000000,-0.970725,0.474372,0.609994,0.000000,1.000000,0.188982,-1.000000,0.000000,0.980154,1.000000,0.646997,0.000000,-1.000000,0.000000,1.000000,-0.953821,0.000000,0.970725,0.500000,0.000000,1.000000,0.000000,0.000000,-1.000000,0.327327,1.000000,-1.000000,0.327327,0.000000,0.000000,0.000000,-1.000000,0.000000,0.000000,0.000000,0.000000,-0.243975,0.200000,-0.755929,-0.781079,0.960769,1.000000,0.000000,-1.000000,0.000000,-1.000000,0.000000,1.000000,-0.944911,0.981981,0.654654,-0.944911,-0.160128,0.000000,-1.000000,-1.000000,0.083624,0.000000,0.500000,0.500000,0.755929,1.000000,0.000000,-1.000000,0.000000,-1.000000,1.000000,0.000000,-0.674200,-0.169031,0.000000,1.000000,0.000000,0.427669,0.333333,-0.666667,0.000000,0.000000,0.000000,0.000000,-1.000000,0.000000,1.000000,-0.722806,1.000000,-0.188982,-1.000000,0.277350,-1.000000,0.000000,0.000000,0.000000,0.000000,0.254824,-0.833333,0.000000,0.327327,1.000000,-0.500000,0.068041,0.000000,1.000000,0.654654,0.500000,0.327327,0.000000,0.000000,0.000000,0.000000
440234743,0.000000,0.000000,0.000000,0.000000,-0.440225,1.000000,-1.000000,0.000000,0.114708,0.000000,0.000000,0.000000,0.000000,0.000000,0.000000,0.000000,0.000000,0.000000,0.000000,0.000000,0.000000,0.000000,-0.500000,-0.258199,0.500000,0.000000,0.000000,-0.500000,0.000000,0.000000,0.000000,0.000000,0.000000,0.000000,0.000000,0.000000,0.000000,0.000000,1.000000,0.000000,0.000000,0.000000,0.000000,0.000000,0.000000,-1.000000,0.000000,0.000000,0.000000,0.000000,0.000000,0.000000,0.980196,1.000000,0.000000,0.000000,0.000000,0.000000,0.000000,0.000000,0.000000,0.000000,-0.970725,1.000000,1.000000,0.929981,0.000000,0.000000,0.000000,0.000000,1.000000,0.000000,0.000000,0.000000,0.000000,0.000000,0.866025,1.000000,0.000000,0.000000,0.000000,0.102062,0.000000,0.000000,0.000000,0.000000,0.000000,0.000000,1.000000,1.000000,0.000000,0.000000,0.000000,0.000000,0.000000,0.000000,0.000000,0.000000,0.000000,0.000000,0.000000,0.000000,-1.000000,0.000000,0.000000,0.000000,-1.000000,0.500000,0.000000,0.000000,0.000000,0.000000
440498058,0.000000,0.000000,0.000000,-0.500000,0.654654,0.000000,-1.000000,0.000000,0.000000,-0.500000,0.000000,0.240192,0.188982,1.000000,0.000000,1.000000,0.000000,0.000000,-1.000000,0.000000,-1.000000,1.000000,0.000000,0.000000,0.000000,0.000000,0.000000,0.000000,0.000000,0.000000,0.000000,0.000000,0.000000,0.000000,0.000000,0.000000,0.000000,0.000000,0.000000,0.500000,0.000000,0.000000,0.866025,-1.000000,0.000000,0.000000,0.000000,0.000000,0.993399,0.000000,0.000000,0.000000,0.000000,0.000000,1.000000,0.000000,0.000000,0.000000,1.000000,0.866025,0.000000,0.000000,-1.000000,0.000000,0.000000,0.000000,-1.000000,0.000000,0.000000,-0.674200,0.000000,1.000000,0.174078,0.000000,1.000000,0.000000,-1.000000,0.000000,0.000000,0.000000,0.000000,0.000000,0.000000,0.000000,0.000000,0.000000,-1.000000,0.000000,0.000000,0.000000,1.000000,0.000000,0.000000,-0.944911,1.000000,0.000000,-1.000000,0.000000,-1.000000,-0.500000,-1.000000,0.000000,1.000000,0.000000,0.000000,0.426401,0.000000,0.000000,0.000000,0.000000,-1.000000,1.000000
440998050,0.000000,0.000000,0.000000,1.000000,0.000000,0.000000,0.000000,0.000000,0.000000,0.000000,0.000000,-1.000000,-1.000000,0.000000,0.000000,0.000000,0.000000,0.000000,0.000000,0.000000,-1.000000,0.000000,0.000000,0.000000,0.000000,0.000000,0.000000,0.000000,0.000000,0.000000,0.000000,0.000000,0.000000,0.000000,0.000000,0.000000,0.000000,0.000000,0.000000,0.500000,1.000000,0.000000,0.500000,0.000000,0.000000,0.000000,0.000000,0.000000,-0.114708,0.000000,0.000000,0.000000,0.000000,0.000000,1.000000,0.000000,0.000000,0.000000,1.000000,0.000000,0.000000,0.000000,-1.000000,0.000000,0.000000,0.000000,0.000000,0.000000,0.000000,-0.169031,0.000000,0.174078,1.000000,0.000000,0.000000,0.000000,0.000000,0.000000,1.000000,0.000000,0.000000,0.000000,0.000000,0.000000,0.000000,0.000000,0.000000,0.000000,0.000000,0.000000,0.000000,0.000000,0.000000,0.000000,0.000000,0.000000,0.000000,0.577350,0.000000,0.577350,-0.500000,0.000000,0.000000,0.000000,0.000000,0.000000,0.000000,0.000000,0.000000,0.000000,0.000000,0.000000
446310786,1.000000,0.000000,0.000000,0.188982,1.000000,0.000000,0.000000,0.000000,0.000000,0.000000,0.000000,0.000000,0.000000,1.000000,1.000000,0.000000,0.000000,-1.000000,0.000000,0.000000,0.000000,1.000000,0.850390,0.000000,-0.500000,0.000000,0.000000,0.000000,0.000000,0.000000,0.000000,-0.500000,0.000000,0.000000,0.944911,0.000000,1.000000,0.000000,0.870388,1.000000,0.000000,0.981981,0.000000,-0.654654,1.000000,0.976221,0.000000,0.000000,0.000000,0.000000,0.000000,0.000000,-0.500000,0.000000,1.000000,0.628619,0.000000,1.000000,0.000000,0.000000,0.000000,-0.628619,0.000000,-1.000000,-1.000000,0.000000,0.000000,0.000000,0.000000,0.000000,0.000000,0.000000,0.000000,1.000000,0.000000,0.000000,0.981981,0.000000,0.000000,0.000000,-1.000000,0.000000,0.000000,0.000000,0.000000,0.000000,0.000000,-1.000000,1.000000,0.000000,0.000000,0.000000,0.000000,0.000000,0.944911,0.000000,0.000000,0.000000,0.816497,0.000000,1.000000,1.000000,0.000000,1.000000,0.000000,1.000000,0.000000,0.000000,0.000000,0.000000,0.000000,0.000000
446605239,0.000000,1.000000,0.000000,0.000000,1.000000,0.000000,-0.981981,1.000000,0.000000,0.000000,0.000000,0.188982,0.000000,0.000000,0.000000,0.000000,0.000000,0.000000,-1.000000,0.000000,-0.065422,0.000000,1.000000,0.000000,0.000000,0.000000,0.000000,0.000000,0.000000,0.000000,0.419860,1.000000,0.000000,-1.000000,-1.000000,0.000000,0.000000,0.000000,0.000000,1.000000,-1.000000,-1.000000,-1.000000,-1.000000,-0.618590,-1.000000,0.000000,0.000000,-1.000000,0.000000,0.802955,0.000000,0.507093,0.000000,0.000000,0.000000,0.000000,0.000000,0.000000,0.000000,0.000000,0.000000,-0.755929,0.000000,-1.000000,0.000000,-1.000000,0.000000,-1.000000,1.000000,0.000000,1.000000,0.000000,0.000000,1.000000,0.000000,-0.453921,-0.944911,0.000000,0.000000,0.000000,1.000000,0.000000,-1.000000,0.000000,0.000000,-0.654654,0.000000,1.000000,0.000000,-1.000000,0.000000,0.000000,-0.654654,0.000000,0.000000,0.000000,0.000000,0.000000,1.000000,0.188982,-1.000000,0.000000,0.000000,0.500000,0.000000,1.000000,-1.000000,0.000000,0.000000,0.000000,0.874781
446606812,0.000000,0.000000,0.000000,0.000000,0.000000,0.000000,0.000000,0.000000,0.000000,0.000000,0.000000,0.000000,0.000000,0.000000,0.000000,0.000000,0.000000,0.000000,0.000000,0.000000,0.000000,0.000000,0.000000,0.000000,0.000000,-1.000000,0.000000,0.000000,0.000000,0.000000,0.000000,0.000000,0.000000,0.000000,0.000000,0.000000,0.000000,0.000000,0.000000,0.000000,0.000000,0.000000,0.000000,0.000000,0.000000,0.000000,0.000000,0.000000,0.000000,0.000000,0.000000,0.000000,0.000000,0.000000,0.000000,0.000000,0.000000,0.000000,0.000000,0.000000,0.000000,0.000000,0.000000,0.000000,0.000000,0.000000,0.000000,0.000000,0.000000,0.000000,0.000000,0.000000,0.000000,0.000000,0.000000,1.000000,0.000000,0.000000,0.000000,0.000000,0.000000,0.000000,0.000000,0.000000,0.000000,0.000000,0.000000,0.000000,0.000000,0.000000,0.000000,0.000000,0.000000,0.000000,0.000000,0.000000,0.000000,0.000000,0.000000,0.000000,0.000000,0.000000,0.000000,0.000000,0.000000,0.000000,0.000000,0.000000,0.000000,0.000000,0.000000,0.000000
446610038,0.594089,-1.000000,0.000000,0.000000,-0.093659,-0.240192,-1.000000,-1.000000,0.000000,1.000000,0.000000,-0.760886,0.000000,-0.500000,0.000000,0.000000,0.000000,0.000000,0.083624,0.000000,0.577350,-0.785714,0.433555,-0.428571,-0.235702,-0.939336,0.000000,-0.981981,0.829156,-0.866025,-0.438354,0.000000,0.500000,0.000000,1.000000,0.000000,-1.000000,0.000000,0.000000,-0.500000,1.000000,0.433555,-0.379980,1.000000,-1.000000,0.596040,0.383482,0.000000,0.000000,1.000000,0.212238,-1.000000,-1.000000,0.000000,0.000000,0.000000,0.000000,0.000000,0.000000,-1.000000,0.000000,0.500000,-0.923093,0.000000,1.000000,1.000000,0.126660,-1.000000,0.301511,0.427669,0.866025,-1.000000,0.000000,0.981981,-0.453921,0.000000,1.000000,0.904534,0.301511,0.000000,1.000000,-1.000000,0.000000,1.000000,0.000000,-0.188982,0.568535,0.000000,0.161165,0.000000,-0.500000,0.000000,0.500000,0.000000,0.000000,0.000000,0.500000,0.000000,0.000000,-0.504184,-1.000000,-0.033710,-0.624695,0.401478,-1.000000,-0.866025,0.632456,0.000000,0.000000,0.000000,0.000000,0.000000
446672211,0.000000,0.000000,0.000000,0.000000,-0.288675,0.755929,0.500000,-1.000000,0.000000,0.000000,0.000000,-0.500000,0.000000,0.000000,0.000000,0.000000,0.000000,0.000000,-0.114708,0.000000,-0.917663,0.000000,0.000000,0.000000,0.000000,0.000000,0.000000,0.000000,1.000000,-0.500000,-0.043033,-1.000000,0.917663,0.000000,0.000000,0.000000,0.000000,0.000000,1.000000,1.000000,1.000000,-1.000000,1.000000,0.000000,-0.976221,0.000000,0.755929,0.000000,0.000000,1.000000,1.000000,-0.075038,0.866025,0.240192,0.000000,0.000000,0.000000,0.000000,0.000000,0.000000,0.000000,1.000000,0.500000,0.755929,0.000000,1.000000,0.114708,0.000000,0.000000,0.333333,1.000000,0.000000,0.000000,0.000000,-0.944911,0.000000,0.904534,1.000000,1.000000,0.000000,0.000000,0.000000,0.000000,0.000000,0.000000,0.188982,1.000000,1.000000,0.433013,0.500000,0.000000,0.000000,0.000000,0.000000,-1.000000,0.000000,-1.000000,0.114708,0.000000,-0.500000,-0.500000,0.944911,-0.237760,-0.500000,-1.000000,-0.755929,-0.550153,0.234404,0.000000,-1.000000,-0.500000,0.000000
449212602,-1.000000,-1.000000,0.000000,0.000000,0.000000,0.000000,0.000000,0.000000,0.000000,1.000000,0.000000,-1.000000,-0.500000,-0.866025,0.000000,0.000000,0.000000,0.000000,1.000000,1.000000,-0.250000,0.000000,0.000000,0.000000,0.000000,0.000000,0.000000,0.000000,1.000000,1.000000,-0.333333,0.000000,1.000000,0.000000,0.000000,0.000000,0.000000,0.000000,-0.333333,0.500000,1.000000,-1.000000,0.000000,0.000000,0.000000,0.000000,0.000000,0.000000,0.000000,0.000000,-1.000000,0.000000,0.000000,0.390567,0.000000,0.000000,0.000000,0.000000,0.000000,-1.000000,1.000000,0.000000,0.000000,0.000000,0.000000,0.000000,0.000000,0.000000,0.000000,-0.666667,0.000000,0.000000,1.000000,0.000000,0.000000,0.000000,0.301511,1.000000,1.000000,0.000000,0.000000,0.000000,0.000000,0.000000,0.000000,-1.000000,0.000000,0.000000,1.000000,0.000000,0.000000,0.000000,0.000000,1.000000,0.000000,0.000000,-0.866025,0.000000,0.000000,0.000000,0.000000,1.000000,-0.500000,0.000000,0.000000,0.000000,1.000000,-1.000000,0.000000,0.000000,0.000000,0.000000
451156609,0.000000,0.000000,0.000000,0.000000,0.000000,0.000000,0.000000,0.000000,0.000000,0.000000,0.000000,0.000000,0.000000,0.000000,0.000000,0.000000,0.000000,0.000000,0.000000,0.000000,0.000000,0.000000,0.000000,-1.000000,0.000000,0.000000,0.000000,-1.000000,0.000000,0.000000,0.000000,0.000000,0.000000,0.000000,0.000000,0.000000,0.000000,0.000000,0.000000,1.000000,0.000000,0.000000,0.000000,0.000000,0.000000,0.000000,-1.000000,0.000000,-1.000000,0.000000,1.000000,0.000000,1.000000,0.000000,0.000000,0.000000,0.000000,0.000000,0.000000,0.000000,0.000000,1.000000,0.000000,1.000000,0.000000,0.866025,0.000000,0.000000,0.000000,0.000000,0.000000,0.000000,0.000000,0.000000,0.000000,0.000000,0.000000,0.000000,0.000000,1.000000,0.000000,-1.000000,0.000000,0.000000,0.000000,0.000000,0.500000,0.000000,0.000000,0.000000,0.000000,0.000000,0.000000,0.000000,0.000000,0.000000,0.000000,0.000000,0.000000,0.000000,0.000000,0.000000,0.000000,0.000000,0.000000,0.000000,1.000000,0.000000,0.000000,0.000000,-1.000000,0.000000
451167317,0.000000,0.000000,0.688247,1.000000,0.866342,0.894427,0.000000,0.000000,0.981981,0.000000,0.000000,0.000000,0.000000,0.000000,0.000000,0.000000,0.000000,0.000000,0.000000,0.000000,0.000000,0.000000,-0.191741,1.000000,0.000000,1.000000,0.000000,0.000000,0.000000,0.000000,-0.654654,0.000000,0.000000,0.841191,0.596040,0.000000,0.000000,0.000000,0.000000,1.000000,0.000000,0.000000,0.000000,0.000000,0.000000,0.000000,1.000000,0.000000,0.000000,0.000000,0.000000,0.000000,-0.500000,0.000000,0.000000,0.000000,0.000000,1.000000,0.000000,0.000000,0.000000,0.993399,1.000000,0.816497,0.866025,1.000000,0.000000,1.000000,0.000000,0.000000,0.000000,0.000000,0.000000,-1.000000,0.000000,0.000000,1.000000,0.000000,0.000000,0.000000,1.000000,1.000000,0.981981,1.000000,0.000000,-1.000000,1.000000,0.000000,0.000000,1.000000,0.000000,0.000000,0.000000,0.000000,0.000000,0.000000,0.000000,0.000000,0.000000,0.000000,0.000000,1.000000,0.000000,0.000000,0.000000,1.000000,0.000000,0.000000,-1.000000,0.000000,1.000000,0.000000
451172817,-1.000000,0.000000,0.000000,0.000000,-0.156556,1.000000,1.000000,0.000000,0.000000,0.000000,0.000000,0.000000,0.000000,0.000000,0.000000,1.000000,0.000000,0.000000,0.000000,0.000000,0.000000,1.000000,0.000000,0.800000,0.866025,0.000000,0.000000,0.728869,0.000000,0.000000,1.000000,0.000000,0.000000,0.000000,1.000000,0.000000,0.000000,0.000000,1.000000,0.000000,0.774597,0.970725,0.000000,0.000000,-1.000000,0.000000,0.000000,0.000000,1.000000,0.000000,0.000000,0.000000,0.000000,0.000000,0.000000,1.000000,0.333333,0.000000,0.000000,0.000000,0.000000,0.000000,0.240192,0.500000,0.243975,0.500000,0.000000,0.000000,0.000000,0.000000,0.102062,0.000000,0.000000,0.000000,1.000000,0.000000,-1.000000,0.000000,0.000000,-1.000000,1.000000,1.000000,0.000000,0.755929,0.000000,1.000000,-1.000000,0.000000,-1.000000,-1.000000,-0.188982,0.000000,0.000000,0.000000,0.000000,0.000000,0.000000,0.000000,0.000000,0.000000,0.000000,0.774597,0.000000,0.000000,0.333333,-1.000000,0.000000,0.000000,0.000000,0.000000,1.000000,1.000000
451176464,0.000000,0.000000,0.000000,0.000000,-0.866025,0.000000,0.000000,0.000000,0.000000,0.000000,0.000000,0.000000,0.000000,0.000000,0.000000,0.000000,0.000000,0.000000,0.000000,-1.000000,0.000000,0.000000,0.000000,0.000000,0.000000,0.000000,0.000000,0.000000,0.000000,0.000000,-1.000000,-1.000000,0.000000,-1.000000,-1.000000,0.000000,0.000000,0.000000,0.000000,0.000000,0.000000,0.000000,0.000000,0.000000,-1.000000,0.000000,0.000000,0.000000,0.000000,0.000000,0.000000,0.000000,0.000000,0.000000,0.000000,0.000000,0.000000,0.000000,0.000000,0.000000,-1.000000,0.000000,1.000000,-1.000000,0.000000,0.000000,0.000000,0.000000,0.000000,0.000000,0.000000,0.000000,0.000000,0.000000,0.000000,0.000000,0.000000,0.000000,0.000000,0.000000,0.981981,0.000000,1.000000,0.000000,0.000000,0.000000,0.000000,0.000000,0.000000,0.000000,0.000000,0.000000,0.000000,-1.000000,0.000000,0.000000,0.000000,0.000000,0.000000,0.000000,0.000000,0.000000,0.000000,0.000000,0.000000,-0.627215,0.000000,0.000000,0.000000,0.000000,0.000000,0.000000
451184963,0.000000,0.000000,1.000000,0.000000,-0.127453,0.000000,0.000000,-1.000000,0.000000,0.986241,0.000000,-1.000000,0.000000,0.000000,0.000000,0.000000,0.000000,0.000000,1.000000,0.000000,0.000000,0.000000,0.000000,0.000000,0.000000,0.000000,0.000000,0.000000,0.000000,0.000000,-1.000000,0.000000,0.000000,1.000000,0.720577,0.000000,0.000000,0.000000,0.000000,0.000000,0.774597,0.000000,1.000000,1.000000,-0.654654,0.000000,0.000000,0.000000,0.000000,0.000000,0.000000,0.500000,-1.000000,0.000000,0.000000,0.000000,0.000000,0.000000,0.000000,0.000000,0.000000,0.000000,-0.500000,1.000000,0.944911,1.000000,0.644658,1.000000,1.000000,-1.000000,0.000000,0.000000,0.000000,0.000000,-1.000000,0.000000,1.000000,0.000000,0.000000,0.000000,1.000000,0.755929,0.000000,1.000000,0.000000,0.000000,0.981981,0.000000,0.000000,0.000000,-1.000000,0.000000,0.000000,0.000000,0.000000,0.000000,0.000000,-1.000000,0.000000,-1.000000,-1.000000,1.000000,0.000000,0.000000,0.114708,1.000000,0.000000,1.000000,0.000000,0.000000,0.500000,0.000000
452282152,0.327327,0.500000,0.000000,1.000000,0.000000,0.000000,0.000000,0.000000,0.000000,0.000000,0.000000,0.000000,0.000000,0.000000,0.000000,0.327327,0.000000,0.000000,0.000000,0.000000,-1.000000,1.000000,0.000000,0.000000,0.000000,0.000000,0.000000,0.000000,0.000000,0.000000,0.000000,-1.000000,1.000000,-1.000000,-1.000000,0.000000,0.000000,0.000000,0.000000,0.000000,0.000000,0.000000,0.000000,0.000000,0.000000,0.000000,0.000000,0.000000,0.000000,0.000000,0.000000,0.000000,1.000000,0.000000,0.000000,0.000000,0.000000,0.000000,1.000000,0.000000,0.000000,0.000000,0.000000,0.000000,0.000000,0.000000,0.000000,0.000000,0.000000,0.000000,0.000000,0.000000,0.000000,0.000000,0.000000,0.000000,0.000000,0.000000,0.000000,0.000000,0.000000,0.000000,0.000000,0.000000,1.000000,0.211604,0.000000,0.000000,0.000000,0.000000,0.000000,0.000000,0.000000,1.000000,-1.000000,0.000000,0.000000,0.000000,0.240192,0.000000,0.000000,0.000000,0.000000,0.000000,0.000000,0.000000,0.000000,0.000000,-1.000000,0.000000,0.000000,0.000000
553250426,0.000000,1.000000,-1.000000,0.000000,0.500000,1.000000,0.000000,0.000000,0.000000,1.000000,0.000000,1.000000,0.000000,0.000000,0.000000,0.000000,0.000000,0.000000,0.000000,0.000000,0.258199,0.000000,0.000000,0.000000,0.000000,0.000000,0.000000,0.000000,0.000000,0.000000,-1.000000,-1.000000,1.000000,-1.000000,0.000000,0.000000,0.866025,0.000000,0.000000,0.000000,-1.000000,-1.000000,0.000000,0.000000,0.870388,0.000000,0.000000,0.000000,0.000000,0.000000,0.000000,0.755929,0.000000,0.000000,0.000000,0.000000,0.000000,0.000000,0.000000,0.000000,1.000000,0.000000,1.000000,1.000000,1.000000,0.000000,1.000000,0.000000,0.000000,1.000000,0.000000,0.000000,0.000000,0.000000,0.000000,0.000000,-0.188982,0.188982,-1.000000,0.000000,-1.000000,1.000000,0.000000,0.000000,0.211604,1.000000,1.000000,0.000000,0.000000,0.000000,0.000000,0.000000,0.000000,0.000000,1.000000,0.000000,1.000000,0.000000,0.000000,1.000000,0.000000,0.000000,0.000000,0.000000,1.000000,1.000000,-1.000000,0.755929,0.000000,-1.000000,0.000000,-1.000000
553268880,0.000000,-1.000000,-0.240192,0.000000,-1.000000,0.000000,0.000000,-1.000000,0.000000,1.000000,0.000000,-1.000000,0.000000,-1.000000,0.000000,-1.000000,0.000000,0.000000,1.000000,0.000000,-0.032125,-1.000000,0.000000,-1.000000,0.000000,0.000000,0.000000,-1.000000,0.000000,0.000000,-0.901127,-1.000000,0.000000,0.000000,0.077331,0.000000,1.000000,0.000000,0.000000,0.848930,0.944911,-1.000000,0.377964,0.000000,-0.216777,-1.000000,0.000000,0.000000,0.000000,0.000000,0.000000,1.000000,-0.570352,1.000000,0.000000,0.000000,-1.000000,0.000000,0.000000,-1.000000,0.000000,0.000000,0.000000,0.000000,0.000000,0.000000,0.453921,-1.000000,0.817057,-0.722806,0.000000,-1.000000,0.000000,0.000000,-0.654654,0.000000,0.568535,1.000000,0.000000,0.500000,1.000000,-1.000000,0.000000,0.981981,0.000000,1.000000,1.000000,-1.000000,0.000000,1.000000,-1.000000,-1.000000,0.000000,0.000000,0.000000,0.000000,0.000000,0.000000,0.000000,-0.917663,-1.000000,1.000000,-1.000000,0.000000,0.114708,-1.000000,-0.188982,1.000000,0.000000,0.000000,0.000000,0.000000
553279912,-1.000000,0.000000,0.000000,-0.188982,0.944911,-1.000000,1.000000,0.000000,0.000000,0.000000,0.000000,0.000000,0.000000,0.000000,0.000000,0.000000,0.000000,0.000000,0.000000,0.000000,0.000000,0.000000,1.000000,0.883883,0.963087,1.000000,0.000000,1.000000,0.000000,-1.000000,0.000000,0.000000,0.000000,0.000000,0.000000,0.000000,0.000000,0.000000,0.000000,-1.000000,0.000000,0.000000,0.000000,0.000000,1.000000,1.000000,-1.000000,0.000000,0.000000,1.000000,0.000000,0.000000,0.000000,0.000000,0.000000,0.000000,0.000000,1.000000,0.000000,0.000000,0.000000,0.500000,1.000000,0.500000,0.960769,0.000000,0.000000,0.000000,1.000000,1.000000,0.000000,0.000000,0.000000,-1.000000,0.000000,0.000000,0.000000,1.000000,0.000000,0.000000,0.000000,0.000000,0.000000,0.000000,0.000000,0.000000,-1.000000,1.000000,0.731925,0.500000,0.000000,0.000000,-1.000000,0.000000,0.000000,0.000000,0.000000,0.000000,0.000000,1.000000,0.000000,0.000000,0.000000,0.000000,0.000000,0.000000,0.000000,0.000000,0.000000,0.000000,0.000000,0.000000
553280341,0.000000,0.000000,0.000000,1.000000,-0.994850,-1.000000,0.000000,0.000000,0.000000,0.000000,0.000000,0.000000,0.000000,0.000000,0.000000,0.000000,0.000000,0.000000,1.000000,0.000000,0.000000,0.000000,1.000000,-0.210042,0.577350,0.000000,0.000000,-1.000000,0.000000,1.000000,-0.368964,0.000000,0.000000,0.000000,0.000000,0.000000,0.000000,0.000000,0.000000,1.000000,0.000000,-1.000000,0.000000,0.000000,0.000000,0.000000,0.397360,0.000000,-1.000000,1.000000,0.991241,0.000000,0.000000,1.000000,0.000000,1.000000,0.000000,1.000000,0.000000,0.000000,0.000000,-0.500000,-0.453921,-0.500000,0.755929,0.000000,0.000000,0.000000,1.000000,-0.188982,1.000000,0.000000,0.000000,1.000000,1.000000,0.000000,0.161165,0.433013,1.000000,0.000000,0.000000,-1.000000,0.000000,0.000000,0.000000,0.000000,0.000000,0.731925,1.000000,1.000000,-1.000000,0.000000,0.000000,0.000000,0.000000,0.000000,0.000000,1.000000,0.000000,-1.000000,0.000000,0.866025,-0.944911,1.000000,0.000000,0.000000,0.866025,0.000000,0.000000,0.000000,1.000000,1.000000
553280368,0.000000,0.000000,-1.000000,0.000000,-0.505076,1.000000,0.000000,0.000000,0.000000,0.000000,0.000000,0.000000,0.000000,0.000000,1.000000,0.000000,0.000000,0.000000,1.000000,0.000000,0.000000,0.000000,1.000000,0.169031,1.000000,0.000000,1.000000,-1.000000,0.000000,-1.000000,-0.500000,0.000000,0.000000,0.000000,0.000000,0.000000,0.000000,0.000000,0.000000,1.000000,0.000000,0.000000,0.000000,0.000000,-1.000000,0.000000,1.000000,0.000000,0.000000,0.944911,0.000000,0.000000,0.000000,0.000000,0.000000,0.000000,0.000000,0.000000,0.000000,0.000000,0.000000,0.000000,-0.866025,0.789474,0.000000,0.000000,0.000000,-1.000000,1.000000,-1.000000,1.000000,0.000000,0.000000,0.000000,0.000000,0.000000,0.000000,0.500000,0.000000,0.000000,1.000000,-1.000000,0.000000,0.000000,0.000000,0.000000,1.000000,0.500000,1.000000,1.000000,-1.000000,0.000000,0.000000,0.000000,0.000000,0.000000,0.000000,0.000000,0.000000,-1.000000,0.000000,0.866025,-1.000000,0.000000,0.000000,0.000000,0.000000,0.000000,0.000000,0.000000,0.000000,0.000000
553572997,0.000000,0.000000,1.000000,0.987829,0.944911,0.000000,0.000000,0.000000,0.000000,0.000000,0.000000,0.000000,1.000000,1.000000,0.000000,1.000000,0.000000,0.000000,-0.371154,0.000000,-1.000000,1.000000,0.000000,1.000000,1.000000,0.000000,0.000000,0.000000,0.000000,0.000000,-0.114708,0.000000,0.000000,0.500000,1.000000,0.000000,0.000000,0.000000,0.000000,0.000000,-0.981981,0.000000,1.000000,-1.000000,0.462687,0.000000,-1.000000,0.000000,0.000000,0.000000,0.000000,0.000000,0.000000,0.000000,0.000000,0.000000,1.000000,0.000000,1.000000,1.000000,0.000000,0.866025,0.953821,1.000000,0.000000,-1.000000,0.000000,0.000000,-1.000000,0.277350,0.000000,1.000000,0.000000,0.000000,-1.000000,0.000000,-0.500000,0.000000,0.000000,0.000000,0.000000,-0.188982,0.000000,-1.000000,0.000000,0.000000,-1.000000,0.000000,-1.000000,-1.000000,1.000000,1.000000,0.000000,0.000000,0.000000,0.000000,0.000000,0.000000,0.000000,0.500000,0.000000,-1.000000,1.000000,0.000000,1.000000,0.000000,0.000000,0.000000,0.000000,0.000000,0.000000,0.000000
590353403,1.000000,0.500000,1.000000,0.943242,0.000000,0.000000,0.000000,0.000000,0.000000,0.000000,0.000000,0.000000,1.000000,0.000000,0.000000,0.870388,0.000000,0.000000,0.000000,0.000000,0.000000,-1.000000,0.000000,0.755929,0.000000,0.000000,0.000000,0.000000,-1.000000,0.000000,1.000000,1.000000,-1.000000,1.000000,0.748190,0.000000,0.000000,0.000000,0.000000,0.755929,0.000000,0.000000,1.000000,0.000000,1.000000,-1.000000,0.000000,0.000000,0.000000,0.000000,1.000000,0.000000,0.282843,0.000000,0.000000,0.612372,1.000000,0.875000,0.000000,1.000000,0.000000,0.000000,0.000000,0.000000,0.000000,0.000000,0.000000,0.000000,0.000000,-1.000000,0.000000,0.000000,0.000000,0.000000,0.000000,0.000000,0.000000,0.000000,0.000000,0.000000,0.000000,0.000000,0.000000,0.000000,0.000000,0.000000,-1.000000,0.000000,0.000000,0.000000,1.000000,1.000000,0.000000,0.000000,0.000000,0.000000,0.000000,-1.000000,-1.000000,0.000000,-1.000000,0.000000,0.000000,0.000000,0.000000,0.000000,0.000000,-1.000000,0.000000,0.000000,0.000000,0.000000
60392452,1.000000,0.000000,0.000000,0.000000,0.000000,0.000000,0.000000,0.000000,0.000000,0.000000,0.000000,0.000000,0.000000,0.000000,0.866025,0.000000,0.000000,0.000000,0.000000,0.000000,0.000000,0.000000,0.000000,-1.000000,0.000000,0.000000,0.000000,0.000000,0.000000,0.000000,0.000000,0.000000,0.000000,1.000000,0.000000,0.000000,0.000000,0.000000,0.000000,0.870388,0.000000,0.000000,1.000000,0.000000,0.000000,0.000000,0.000000,0.000000,0.000000,1.000000,0.000000,0.000000,0.000000,0.000000,1.000000,0.000000,0.000000,0.000000,0.000000,0.000000,0.000000,0.000000,0.000000,0.000000,0.000000,0.000000,1.000000,0.000000,0.000000,0.000000,0.000000,0.000000,0.000000,0.000000,0.000000,0.000000,0.500000,0.000000,0.000000,0.000000,0.000000,0.000000,0.000000,0.000000,0.000000,0.000000,0.000000,-1.000000,0.000000,0.000000,0.000000,0.000000,1.000000,0.000000,1.000000,0.000000,0.000000,0.000000,0.000000,0.500000,0.000000,0.000000,0.000000,0.900149,0.000000,0.000000,0.000000,0.000000,0.000000,0.000000,0.000000,0.000000
60928336,0.816497,0.534522,0.000000,1.000000,-1.000000,0.000000,-0.188982,0.000000,0.000000,1.000000,0.000000,-1.000000,0.000000,0.000000,0.000000,0.000000,0.000000,1.000000,0.000000,1.000000,-0.230633,0.000000,0.000000,0.000000,0.000000,0.000000,0.000000,0.000000,0.000000,0.000000,0.973329,-0.327327,0.000000,0.000000,-1.000000,0.000000,0.000000,0.000000,-1.000000,0.000000,0.000000,-1.000000,0.866025,-1.000000,0.000000,0.000000,0.000000,0.000000,1.000000,0.000000,0.000000,0.000000,0.960769,0.000000,0.000000,0.000000,0.000000,0.000000,0.000000,0.000000,1.000000,0.000000,1.000000,-1.000000,0.000000,0.000000,0.000000,0.000000,0.000000,0.000000,0.000000,-0.944911,0.000000,0.000000,-0.654654,0.000000,0.000000,0.000000,1.000000,0.000000,0.000000,0.000000,-1.000000,0.000000,1.000000,0.000000,0.000000,0.000000,0.000000,0.000000,0.000000,0.000000,0.000000,1.000000,0.000000,0.000000,-1.000000,0.000000,0.500000,0.000000,-0.620174,0.000000,0.000000,0.000000,-1.000000,0.422577,0.000000,0.000000,0.000000,0.000000,0.000000,-1.000000
60934417,0.000000,0.000000,0.000000,0.000000,-0.500000,0.000000,0.000000,0.000000,0.000000,0.755929,0.000000,1.000000,0.000000,0.188982,0.000000,0.000000,0.000000,-1.000000,0.000000,0.000000,0.000000,0.000000,0.000000,0.000000,0.000000,0.000000,0.000000,0.000000,0.000000,0.000000,0.500000,0.000000,0.000000,-0.500000,0.000000,0.000000,0.000000,0.000000,0.500000,1.000000,0.000000,0.000000,0.000000,-1.000000,1.000000,0.000000,0.000000,0.000000,0.000000,0.000000,0.000000,-1.000000,-1.000000,0.000000,1.000000,0.000000,0.000000,0.000000,0.000000,0.000000,0.000000,0.000000,0.000000,0.000000,0.000000,0.000000,0.000000,0.000000,0.000000,0.000000,0.000000,1.000000,0.000000,0.944911,0.000000,0.000000,0.000000,-1.000000,0.000000,0.000000,0.000000,0.000000,0.000000,0.000000,-1.000000,1.000000,0.000000,0.000000,0.000000,0.000000,0.000000,0.000000,1.000000,0.000000,1.000000,0.000000,0.000000,0.000000,0.749269,0.000000,0.000000,0.000000,0.000000,0.333333,0.000000,0.755929,0.324443,0.000000,0.000000,0.000000,0.500000,0.000000
60938455,0.000000,0.000000,0.000000,0.000000,0.000000,0.000000,0.000000,0.000000,0.000000,0.000000,0.000000,0.000000,0.000000,0.000000,-1.000000,0.000000,0.000000,0.000000,0.000000,0.000000,0.000000,0.000000,0.000000,0.000000,0.000000,0.000000,0.000000,-1.000000,0.000000,0.000000,0.000000,0.000000,0.000000,0.000000,0.000000,0.000000,0.000000,0.000000,0.000000,-1.000000,0.000000,0.000000,0.000000,0.000000,0.000000,0.000000,0.000000,0.000000,0.000000,0.000000,0.000000,0.000000,1.000000,0.000000,0.000000,0.000000,0.000000,0.000000,0.000000,0.000000,0.000000,0.000000,0.000000,0.000000,0.000000,0.000000,0.000000,0.000000,0.000000,0.000000,0.000000,0.000000,0.000000,0.000000,0.000000,0.000000,0.000000,0.000000,0.000000,0.000000,0.000000,0.000000,0.000000,0.000000,0.000000,0.000000,0.000000,0.000000,0.000000,0.000000,0.000000,0.000000,0.000000,0.000000,0.000000,1.000000,0.000000,0.000000,0.000000,0.000000,0.000000,0.000000,0.000000,0.000000,0.000000,0.000000,0.000000,0.000000,0.000000,0.000000,0.000000,0.000000
60976845,0.327327,0.000000,0.000000,0.000000,0.000000,0.000000,0.000000,0.000000,0.000000,-1.000000,0.000000,1.000000,0.000000,1.000000,0.000000,0.000000,0.000000,0.000000,0.000000,0.000000,-0.324443,0.000000,0.000000,0.000000,0.000000,0.000000,0.000000,0.000000,0.000000,0.000000,0.500000,-1.000000,0.000000,0.000000,0.000000,0.000000,0.000000,0.000000,-0.090909,0.000000,0.000000,0.000000,-0.500000,0.000000,0.000000,0.000000,0.000000,0.000000,0.000000,0.000000,0.000000,0.114708,-1.000000,0.000000,0.000000,-1.000000,0.000000,0.000000,0.000000,-1.000000,0.000000,0.000000,0.000000,0.000000,0.000000,-1.000000,0.000000,0.000000,0.000000,0.254824,0.000000,-1.000000,0.000000,0.000000,0.000000,0.000000,0.500000,-1.000000,-0.866025,0.000000,0.000000,0.000000,0.000000,0.000000,0.000000,1.000000,0.000000,0.000000,0.000000,0.000000,0.000000,0.000000,0.000000,-1.000000,0.000000,0.000000,1.000000,0.000000,0.000000,0.000000,0.000000,0.000000,-1.000000,0.000000,0.000000,-1.000000,0.000000,0.188982,0.000000,0.000000,1.000000,0.000000
609804138,0.000000,-1.000000,0.000000,-0.188982,-0.333333,0.000000,-0.500000,0.000000,0.000000,-0.377964,0.000000,-1.000000,0.000000,-0.420084,0.000000,0.000000,0.000000,-1.000000,0.000000,0.000000,-0.944911,0.000000,0.000000,-0.993399,0.000000,0.000000,0.000000,-1.000000,0.544107,0.426401,-0.648204,0.000000,0.000000,-0.577350,0.000000,-1.000000,0.000000,0.000000,0.000000,0.471405,1.000000,-1.000000,0.000000,1.000000,0.000000,0.000000,0.000000,0.000000,0.000000,0.000000,-1.000000,0.500000,-0.738549,1.000000,1.000000,0.000000,-0.866025,0.000000,0.500000,-1.000000,0.000000,1.000000,-1.000000,0.000000,-0.802955,0.000000,-1.000000,-1.000000,0.000000,-0.833333,0.000000,0.000000,0.577350,0.000000,0.000000,0.000000,0.000000,0.114708,0.000000,0.000000,0.000000,0.000000,0.000000,-1.000000,0.000000,0.000000,0.000000,0.000000,1.000000,0.000000,0.000000,-1.000000,0.000000,0.000000,0.000000,0.000000,0.000000,1.000000,0.333333,0.984732,-1.000000,0.000000,-0.500000,1.000000,0.000000,0.654654,1.000000,1.000000,0.000000,0.000000,0.596040,0.000000
60987103,0.731450,0.500000,0.000000,0.866025,0.000000,0.000000,0.000000,0.000000,0.802955,-1.000000,0.000000,0.000000,0.000000,1.000000,1.000000,1.000000,0.000000,-1.000000,0.000000,0.000000,0.774597,1.000000,0.000000,0.866025,0.000000,-1.000000,0.000000,-0.866025,0.690066,0.000000,0.000000,0.188982,1.000000,0.000000,-0.327327,0.000000,0.000000,0.000000,0.944911,-0.981981,0.000000,0.000000,1.000000,0.277350,0.000000,-1.000000,0.000000,0.000000,0.000000,0.000000,0.000000,0.000000,0.000000,0.000000,0.000000,-0.277350,0.000000,-0.239046,0.000000,0.866025,0.000000,-0.693375,0.000000,0.000000,0.000000,-0.944911,0.000000,0.000000,0.000000,0.000000,0.000000,-1.000000,0.000000,0.816497,0.000000,0.000000,0.000000,0.000000,0.000000,0.000000,0.000000,0.000000,0.000000,0.000000,0.240192,0.000000,0.000000,0.000000,0.000000,0.000000,0.000000,-1.000000,0.000000,0.500000,0.749269,0.000000,0.000000,0.333333,1.000000,0.000000,0.271163,0.000000,0.000000,1.000000,0.000000,0.397360,-1.000000,1.000000,0.000000,0.000000,0.000000,1.000000
61009059,1.000000,1.000000,-1.000000,1.000000,0.866025,0.000000,0.000000,1.000000,0.000000,0.327327,0.000000,0.464758,0.000000,0.000000,0.000000,-1.000000,0.000000,0.000000,-0.802955,0.000000,-0.534522,0.188982,0.000000,0.866025,1.000000,0.000000,-1.000000,-1.000000,0.000000,-1.000000,0.654654,0.000000,0.000000,-0.944911,-1.000000,0.000000,1.000000,0.000000,0.000000,0.866025,-1.000000,1.000000,-0.917663,0.981981,1.000000,0.000000,-0.866025,0.000000,-1.000000,0.000000,0.000000,-1.000000,1.000000,0.000000,1.000000,0.000000,1.000000,0.000000,1.000000,-1.000000,0.000000,1.000000,-0.866025,-0.188982,1.000000,0.000000,-0.327327,0.000000,-1.000000,0.327327,0.000000,-0.500000,0.577350,0.000000,1.000000,0.000000,-0.504184,-0.500000,0.000000,0.000000,0.000000,0.000000,0.000000,-1.000000,0.000000,1.000000,-0.917663,1.000000,-1.000000,-1.000000,0.500000,0.000000,0.500000,0.000000,0.000000,0.000000,0.000000,0.984732,0.000000,1.000000,0.381385,0.067267,0.500000,1.000000,1.000000,0.000000,-0.500000,-1.000000,1.000000,0.000000,0.000000,0.000000
64407667,0.500000,0.987829,1.000000,0.866025,1.000000,0.000000,0.246183,1.000000,0.000000,0.000000,0.000000,0.952579,1.000000,1.000000,0.000000,0.000000,0.000000,0.000000,-0.960769,0.000000,-1.000000,1.000000,0.000000,1.000000,0.000000,0.000000,0.000000,1.000000,-1.000000,0.000000,1.000000,0.600099,1.000000,1.000000,0.895144,0.000000,0.000000,0.000000,0.000000,-0.866025,-1.000000,1.000000,-0.277350,1.000000,1.000000,1.000000,0.000000,0.000000,0.000000,0.000000,-1.000000,0.000000,-0.090784,-1.000000,1.000000,-0.640445,0.933257,1.000000,-1.000000,1.000000,0.000000,-0.840168,0.411765,0.484200,0.000000,-0.720577,-0.240192,0.000000,0.000000,1.000000,0.000000,-1.000000,-0.500000,1.000000,0.188982,0.000000,-1.000000,-0.500000,0.000000,0.000000,0.000000,0.000000,0.000000,-1.000000,0.000000,0.000000,-1.000000,0.000000,0.000000,0.000000,0.000000,-1.000000,0.000000,-0.620174,0.000000,0.000000,0.000000,-1.000000,0.271163,0.381385,1.000000,-0.755929,0.000000,0.000000,0.936766,0.000000,1.000000,-1.000000,0.000000,0.000000,0.000000,-0.654654
671001795,0.000000,0.000000,-1.000000,0.000000,-0.866025,1.000000,0.000000,-1.000000,0.000000,1.000000,0.000000,-0.568038,0.000000,-1.000000,0.000000,0.000000,0.000000,0.000000,0.248069,0.000000,0.000000,-1.000000,0.000000,0.488901,0.975900,0.958706,0.866025,-0.015401,1.000000,0.000000,-0.989743,0.000000,1.000000,0.000000,-0.142857,0.000000,1.000000,0.000000,0.866025,1.000000,0.981981,0.000000,1.000000,0.000000,-1.000000,0.000000,0.866025,0.000000,0.000000,0.000000,0.000000,1.000000,-1.000000,0.000000,0.000000,0.981981,0.000000,0.000000,0.000000,-1.000000,0.000000,0.192450,0.296432,0.718185,0.000000,0.000000,1.000000,0.000000,1.000000,-0.500000,0.000000,0.000000,0.000000,1.000000,-1.000000,0.000000,-0.033710,0.944911,1.000000,0.000000,1.000000,0.774597,0.000000,1.000000,0.000000,0.000000,1.000000,0.000000,0.866025,0.866025,-1.000000,0.000000,0.000000,0.000000,0.000000,0.000000,0.000000,0.000000,0.000000,0.067267,-0.755929,1.000000,-1.000000,1.000000,0.114708,0.000000,-0.327327,1.000000,0.000000,0.000000,0.555556,0.000000
671003755,0.000000,0.000000,0.000000,0.000000,0.964763,1.000000,0.000000,0.000000,0.000000,0.000000,0.000000,0.000000,0.000000,1.000000,0.000000,0.000000,0.000000,0.000000,-1.000000,0.000000,0.000000,0.755929,0.000000,1.000000,0.000000,0.000000,0.000000,1.000000,-0.917663,0.000000,0.660472,0.000000,0.000000,0.000000,0.000000,0.000000,0.000000,0.000000,-0.240192,0.500000,-1.000000,0.944911,1.000000,-1.000000,0.000000,0.000000,-1.000000,0.000000,0.000000,0.000000,-1.000000,1.000000,-0.466321,-0.866025,0.000000,0.000000,0.000000,0.000000,0.000000,0.000000,0.000000,0.000000,0.000000,0.000000,0.000000,-1.000000,0.000000,0.000000,-1.000000,0.068041,-1.000000,1.000000,0.000000,0.000000,0.000000,0.000000,-0.624695,-0.237760,-0.500000,0.000000,0.000000,0.000000,0.000000,0.000000,0.000000,0.000000,-1.000000,0.000000,-0.944911,-1.000000,1.000000,0.000000,0.000000,0.000000,0.000000,0.000000,-1.000000,-0.500000,0.000000,0.500000,0.000000,-1.000000,1.000000,-1.000000,0.000000,-1.000000,-0.277350,-1.000000,0.000000,0.000000,0.000000,0.000000
671027360,1.000000,0.000000,-1.000000,0.000000,0.000000,0.000000,0.000000,0.000000,0.000000,0.000000,0.000000,0.000000,0.000000,0.866025,0.500000,0.000000,0.000000,-1.000000,0.000000,0.000000,0.000000,0.000000,0.000000,-0.500000,0.000000,0.000000,0.000000,0.000000,0.693375,0.522233,0.361158,0.000000,-1.000000,0.000000,1.000000,0.000000,0.000000,0.000000,0.577350,0.500000,0.000000,0.000000,1.000000,0.000000,0.000000,0.000000,0.000000,0.000000,0.000000,1.000000,1.000000,0.000000,0.000000,0.000000,1.000000,0.000000,0.000000,0.000000,0.000000,0.000000,0.000000,0.000000,0.000000,0.000000,0.000000,0.000000,0.000000,0.000000,0.000000,0.000000,0.000000,0.000000,0.000000,1.000000,0.000000,0.000000,0.401478,-0.500000,0.000000,0.000000,0.000000,0.000000,0.000000,0.000000,0.000000,0.000000,0.000000,0.000000,1.000000,0.000000,0.000000,0.000000,0.900149,0.000000,0.333333,0.000000,0.000000,1.000000,1.000000,1.000000,0.000000,1.000000,-1.000000,1.000000,0.000000,-1.000000,-0.500000,1.000000,0.000000,0.000000,0.000000,0.000000
671041789,-1.000000,0.000000,0.000000,1.000000,0.965380,1.000000,-0.142857,0.993399,-0.420084,-0.327327,0.000000,1.000000,1.000000,0.000000,0.000000,0.000000,0.000000,0.000000,-0.397360,0.000000,0.000000,0.000000,0.000000,1.000000,0.000000,0.000000,0.000000,1.000000,-1.000000,0.000000,0.802955,0.000000,-1.000000,-0.090784,0.778924,0.000000,1.000000,0.000000,0.000000,0.866025,-1.000000,-1.000000,-1.000000,-1.000000,1.000000,0.000000,0.000000,0.000000,0.981981,0.000000,0.000000,0.000000,0.243132,0.000000,0.000000,0.000000,0.944911,0.000000,0.188982,1.000000,0.000000,-0.333333,0.685994,0.828079,0.816497,0.165395,0.462069,1.000000,-1.000000,1.000000,0.000000,0.000000,0.000000,0.000000,0.500000,0.000000,-1.000000,-1.000000,0.000000,0.000000,0.000000,0.333333,0.000000,0.114708,0.000000,1.000000,0.114708,0.000000,0.000000,0.000000,1.000000,0.000000,0.000000,-1.000000,0.000000,0.000000,0.000000,0.000000,0.000000,1.000000,0.936766,0.114708,0.000000,0.000000,1.000000,0.000000,1.000000,-1.000000,0.000000,0.000000,0.917663,0.000000
679781587,0.000000,0.000000,0.000000,0.000000,0.513209,1.000000,0.000000,0.000000,1.000000,1.000000,0.000000,0.000000,-1.000000,1.000000,0.000000,0.000000,0.000000,-1.000000,0.000000,0.960769,0.174078,0.000000,0.000000,0.000000,0.000000,-0.070535,0.000000,-0.971061,-1.000000,0.000000,0.345857,0.000000,-1.000000,1.000000,0.322329,0.917663,0.000000,0.000000,1.000000,0.000000,1.000000,-1.000000,1.000000,1.000000,1.000000,0.000000,-1.000000,1.000000,1.000000,0.000000,-1.000000,0.000000,0.693889,-0.498922,0.000000,-1.000000,0.000000,0.807207,0.000000,1.000000,1.000000,1.000000,0.000000,1.000000,0.038462,0.000000,0.000000,1.000000,-1.000000,0.654654,0.000000,0.426401,0.000000,1.000000,0.000000,0.000000,-0.866025,-0.755929,0.000000,0.000000,1.000000,-1.000000,-0.627215,1.000000,0.000000,1.000000,-1.000000,0.000000,0.000000,0.000000,0.000000,0.000000,0.000000,0.422577,0.755929,0.000000,-1.000000,0.654654,0.397360,0.000000,0.000000,0.000000,-1.000000,-1.000000,0.000000,1.000000,-0.375823,1.000000,1.000000,0.000000,0.000000,0.000000
743418174,0.000000,0.000000,0.000000,0.000000,-0.347370,1.000000,0.000000,0.000000,0.000000,1.000000,0.000000,-0.500000,0.000000,0.000000,0.000000,0.000000,0.000000,-1.000000,-1.000000,0.000000,0.000000,-1.000000,0.000000,-0.866025,0.000000,0.000000,0.000000,0.000000,0.000000,0.000000,-0.166924,0.000000,0.000000,0.000000,-1.000000,0.000000,-1.000000,0.000000,0.000000,0.000000,-0.500000,-1.000000,-1.000000,1.000000,0.866025,0.000000,-0.500000,0.000000,0.000000,0.000000,1.000000,-0.805823,-0.361682,0.720577,-1.000000,0.000000,0.000000,0.000000,0.000000,0.000000,0.000000,0.000000,0.000000,0.500000,-0.970725,-1.000000,-0.792118,0.000000,1.000000,0.500000,-1.000000,0.000000,0.000000,0.000000,1.000000,0.000000,0.632456,-0.550153,1.000000,1.000000,0.000000,0.000000,0.000000,0.000000,0.000000,-1.000000,-0.188982,0.000000,0.866025,0.000000,0.000000,0.000000,0.000000,0.000000,0.324443,0.000000,0.000000,1.000000,-1.000000,-0.500000,1.000000,-0.327327,-0.277350,-0.500000,1.000000,-0.375823,1.000000,0.605406,0.000000,0.000000,0.774597,0.000000
786868716,1.000000,0.000000,0.000000,0.000000,-1.000000,0.866025,0.000000,-1.000000,0.000000,0.000000,0.000000,0.500000,0.000000,0.693375,1.000000,0.000000,0.000000,0.000000,1.000000,0.000000,0.500000,0.000000,0.000000,-1.000000,0.000000,0.000000,0.000000,0.000000,1.000000,0.000000,-1.000000,0.000000,-1.000000,0.000000,0.000000,0.000000,0.000000,0.000000,0.948683,0.000000,1.000000,0.000000,-0.240192,1.000000,0.696932,0.000000,-0.500000,0.000000,0.000000,0.000000,0.500000,-1.000000,0.478091,0.981981,0.000000,0.000000,0.000000,0.000000,0.000000,1.000000,0.000000,0.000000,0.000000,1.000000,0.000000,0.500000,1.000000,0.000000,0.000000,0.327327,0.500000,0.000000,0.000000,0.000000,-1.000000,0.000000,0.000000,0.234404,-1.000000,0.000000,0.000000,0.000000,0.000000,1.000000,0.000000,0.755929,1.000000,0.000000,0.000000,0.000000,0.000000,-1.000000,0.000000,0.000000,0.000000,0.000000,0.188982,1.000000,1.000000,-1.000000,-1.000000,1.000000,-1.000000,1.000000,-1.000000,1.000000,0.605406,1.000000,-1.000000,0.000000,0.000000,0.000000
804106304,0.000000,1.000000,0.000000,0.000000,0.000000,0.000000,0.000000,0.000000,0.000000,0.000000,0.000000,0.755929,0.000000,0.000000,0.000000,0.000000,0.000000,0.000000,0.000000,0.000000,1.000000,0.000000,0.000000,0.000000,0.000000,0.000000,0.000000,0.000000,0.000000,0.000000,0.000000,0.000000,0.000000,0.000000,0.000000,0.000000,0.000000,0.000000,0.000000,0.000000,0.000000,0.000000,0.000000,0.000000,0.000000,0.000000,0.000000,0.000000,0.000000,0.000000,0.000000,0.000000,0.000000,0.000000,0.000000,0.000000,0.000000,0.000000,0.000000,0.000000,0.000000,0.000000,0.000000,0.000000,0.000000,0.000000,0.000000,0.000000,0.000000,0.000000,0.000000,0.000000,0.000000,0.000000,0.000000,0.000000,0.000000,0.000000,0.000000,0.000000,-1.000000,0.000000,0.000000,0.000000,-1.000000,0.000000,0.000000,0.000000,0.000000,0.000000,0.000000,0.000000,0.000000,0.000000,0.000000,0.000000,0.000000,0.000000,0.000000,1.000000,0.000000,0.000000,0.000000,0.000000,0.000000,1.000000,0.000000,-1.000000,1.000000,0.000000,0.000000,0.000000
805063897,0.000000,0.000000,0.000000,0.000000,0.000000,0.000000,0.000000,0.000000,0.000000,0.000000,0.000000,0.000000,0.000000,0.000000,0.000000,0.000000,0.000000,0.000000,0.000000,0.000000,0.114708,0.000000,0.000000,0.000000,0.000000,0.000000,0.000000,-1.000000,0.000000,0.000000,0.000000,0.000000,0.000000,0.000000,0.000000,0.000000,0.000000,0.000000,0.000000,0.000000,0.000000,0.000000,0.000000,0.000000,0.000000,0.000000,0.000000,0.000000,0.000000,0.000000,0.000000,0.000000,0.000000,0.000000,0.000000,0.000000,0.000000,0.000000,0.000000,0.000000,0.000000,0.000000,0.000000,0.000000,0.000000,0.000000,0.000000,0.000000,0.000000,0.000000,0.000000,0.000000,0.000000,0.000000,0.000000,0.000000,0.000000,-1.000000,0.000000,0.000000,0.000000,0.000000,0.000000,0.000000,0.000000,-1.000000,0.000000,0.000000,0.000000,0.000000,0.000000,0.000000,0.000000,0.000000,0.000000,0.000000,0.000000,0.000000,0.000000,0.000000,0.000000,0.000000,0.000000,0.000000,0.000000,0.000000,0.000000,0.000000,0.000000,1.000000,0.000000,0.000000
842329129,0.000000,0.000000,0.000000,0.000000,-0.500000,0.000000,-1.000000,0.000000,0.000000,0.000000,0.000000,-0.200000,-1.000000,0.000000,0.000000,0.000000,0.000000,0.000000,0.500000,0.000000,-1.000000,0.000000,0.000000,0.327327,0.000000,1.000000,0.000000,1.000000,0.000000,0.000000,-0.295312,-1.000000,0.000000,0.000000,0.000000,-1.000000,0.000000,0.000000,1.000000,0.000000,0.000000,0.000000,-0.802955,0.000000,0.000000,0.000000,0.000000,0.000000,-0.277350,0.000000,0.000000,-1.000000,-0.500000,0.000000,0.000000,0.000000,-1.000000,0.000000,0.000000,-1.000000,0.000000,0.000000,0.000000,0.000000,0.000000,0.000000,0.000000,0.000000,0.000000,0.000000,0.000000,-1.000000,0.000000,0.000000,0.000000,0.000000,0.000000,-0.500000,0.000000,-1.000000,1.000000,1.000000,0.000000,0.500000,0.000000,0.000000,0.000000,0.000000,1.000000,0.000000,0.000000,0.000000,0.000000,0.000000,0.500000,0.000000,1.000000,0.596040,0.000000,0.000000,0.000000,0.555556,0.000000,0.000000,0.917663,0.000000,0.774597,0.000000,0.000000,0.000000,1.000000,0.000000
971880107,-1.000000,1.000000,0.000000,0.000000,-0.240192,0.000000,-1.000000,0.000000,0.000000,0.000000,0.000000,-0.277350,0.000000,-1.000000,0.000000,0.000000,-1.000000,0.000000,0.000000,0.000000,-0.993399,-1.000000,0.000000,-1.000000,0.000000,0.000000,0.000000,-1.000000,0.000000,0.000000,-0.347330,0.000000,-1.000000,0.000000,0.866025,0.000000,0.000000,0.000000,0.000000,0.000000,0.000000,0.000000,-1.000000,0.000000,0.000000,0.000000,0.000000,0.000000,-1.000000,0.000000,1.000000,0.000000,-0.223607,0.000000,0.000000,0.000000,-1.000000,0.000000,-1.000000,0.000000,0.000000,0.000000,-1.000000,0.000000,0.000000,0.000000,0.000000,0.000000,0.000000,0.000000,0.000000,1.000000,0.000000,0.000000,0.874781,0.000000,0.000000,0.000000,0.000000,0.000000,0.000000,1.000000,0.000000,0.000000,0.000000,-1.000000,0.000000,0.000000,1.000000,0.000000,0.000000,0.000000,0.000000,-1.000000,0.000000,0.000000,0.000000,0.000000,1.000000,0.000000,-0.654654,0.000000,0.000000,0.000000,0.000000,0.000000,0.000000,0.000000,0.000000,0.000000,0.000000,1.000000
